Date,HUF,USD,GBP,RON,CHF,PLN,CZK,BGN,HRK,SEK
2017-01-02,309.45,1.0465,0.8514,4.539,1.0711,4.4123,27.021,1.9558,7.5548,9.5438
2017-01-03,308.94,1.0385,0.84565,4.5228,1.0702,4.3934,27.02,1.9558,7.5655,9.5348
2017-01-04,308.35,1.0437,0.84945,4.5086,1.0707,4.3778,27.021,1.9558,7.5738,9.5238
2017-01-05,308.28,1.0501,0.8544,4.5065,1.0704,4.368,27.021,1.9558,7.577000000000001,9.5341
2017-01-06,307.24,1.0589,0.8564799999999999,4.5013,1.0725,4.3552,27.021,1.9558,7.577999999999999,9.5515
2017-01-09,308.21,1.0516,0.8666,4.5016,1.0721,4.3777,27.021,1.9558,7.5701,9.5533
2017-01-10,308.7,1.0567,0.8694,4.4958,1.0737,4.3721,27.021,1.9558,7.5645,9.5595
2017-01-11,309.45,1.0503,0.86725,4.496,1.0721,4.3703,27.021,1.9558,7.5562,9.5695
2017-01-12,307.15,1.0679,0.8684299999999999,4.4913,1.0742,4.3765,27.021,1.9558,7.5365,9.509
2017-01-13,307.5,1.0661,0.8754799999999999,4.4922,1.0728,4.3739,27.021,1.9558,7.527,9.4875
2017-01-16,307.38,1.0594,0.87808,4.5023,1.0709,4.3729,27.021,1.9558,7.5318,9.482999999999999
2017-01-17,307.79,1.0684,0.8679,4.501,1.0712,4.3693,27.021,1.9558,7.5325,9.5033
2017-01-18,307.92,1.0664,0.8683299999999999,4.4928,1.0706,4.3673,27.021,1.9558,7.5275,9.5328
2017-01-19,308.4,1.0668,0.86555,4.4928,1.0729,4.3728,27.021,1.9558,7.521,9.5478
2017-01-20,309.09,1.0632,0.86595,4.494,1.0727,4.3699,27.021,1.9558,7.5165,9.5073
2017-01-23,309.82,1.0715,0.8614799999999999,4.4978,1.0727,4.3719,27.026999999999997,1.9558,7.5058,9.5113
2017-01-24,310.27,1.0748,0.8635,4.5015,1.0738,4.3725,27.021,1.9558,7.5045,9.4985
2017-01-25,309.72,1.0743,0.8532299999999999,4.4986,1.0732,4.3641,27.022,1.9558,7.4978,9.4833
2017-01-26,310.98,1.07,0.8514299999999999,4.4943,1.0693,4.3435,27.021,1.9558,7.48,9.466000000000001
2017-01-27,311.63,1.0681,0.8517,4.5058,1.0689,4.34,27.021,1.9558,7.4818,9.4528
2017-01-30,310.8,1.063,0.84935,4.5008,1.0669,4.331,27.022,1.9558,7.4773,9.439
2017-01-31,310.64,1.0755,0.86105,4.503,1.0668,4.3239,27.021,1.9558,7.479,9.4505
2017-02-01,309.78,1.079,0.8541799999999999,4.5478,1.068,4.3186,27.021,1.9558,7.4645,9.4253
2017-02-02,308.85,1.0808,0.8606799999999999,4.5328,1.069,4.3071,27.022,1.9558,7.4495,9.4183
2017-02-03,309.46,1.0741,0.86013,4.5158,1.0695,4.2972,27.021,1.9558,7.4331,9.442
2017-02-06,309.16,1.0712,0.8595,4.5085,1.067,4.2767,27.021,1.9558,7.449,9.4605
2017-02-07,309.71,1.0675,0.8633,4.4899,1.0658,4.3035,27.021,1.9558,7.4479999999999995,9.481
2017-02-08,309.32,1.0665,0.85315,4.489,1.0637,4.3118,27.021,1.9558,7.4573,9.4523
2017-02-09,308.75,1.0692,0.8509,4.4945,1.0672,4.3096,27.021,1.9558,7.4695,9.4835
2017-02-10,308.45,1.0629,0.8529,4.5002,1.0669,4.2953,27.021,1.9558,7.4595,9.4873
2017-02-13,308.02,1.0629,0.8489,4.5022,1.0673,4.3137,27.021,1.9558,7.4485,9.478
2017-02-14,308.13,1.0623,0.85098,4.5051,1.0659,4.3012,27.021,1.9558,7.4537,9.4653
2017-02-15,308.42,1.0555,0.84998,4.5143,1.0652,4.3015,27.021,1.9558,7.4568,9.4508
2017-02-16,308.24,1.0652,0.8511,4.5223,1.0647,4.3176,27.021,1.9558,7.4495,9.4748
2017-02-17,308.32,1.065,0.8572,4.5223,1.0637,4.3305,27.021,1.9558,7.441,9.4478
2017-02-20,308.26,1.0616,0.85145,4.5218,1.065,4.3246,27.021,1.9558,7.4485,9.4785
2017-02-21,306.9,1.0537,0.8486,4.5151,1.0639,4.3064,27.021,1.9558,7.452000000000001,9.469
2017-02-22,307.53,1.0513,0.8445,4.5208,1.0642,4.2987,27.021,1.9558,7.4479999999999995,9.47
2017-02-23,308.21,1.0573,0.8462799999999999,4.52,1.0663,4.308,27.021,1.9558,7.432,9.4975
2017-02-24,308.59,1.0609,0.84503,4.5169999999999995,1.0649,4.3107,27.021,1.9558,7.4275,9.5188
2017-02-27,307.69,1.0587,0.8528,4.5129,1.0664,4.3148,27.021,1.9558,7.428,9.5548
2017-02-28,308.25,1.0597,0.85305,4.5202,1.0648,4.3148,27.021,1.9558,7.4365,9.5675
2017-03-01,307.95,1.0533,0.8555,4.5207,1.0647,4.2958,27.021,1.9558,7.4205,9.5268
2017-03-02,308.33,1.0514,0.8556,4.522,1.0651,4.2941,27.021,1.9558,7.4193,9.5195
2017-03-03,309.68,1.0565,0.86355,4.5328,1.0675,4.3007,27.021,1.9558,7.4163,9.5375
2017-03-06,309.55,1.0592,0.863,4.529,1.0694,4.3091,27.021,1.9558,7.409,9.5335
2017-03-07,309.52,1.0576,0.8671,4.5384,1.073,4.3075,27.021,1.9558,7.409,9.5218
2017-03-08,310.7,1.0556,0.8675299999999999,4.5503,1.0702,4.313,27.021,1.9558,7.4213,9.5223
2017-03-09,311.14,1.0551,0.8665299999999999,4.5499,1.0709,4.3171,27.021,1.9558,7.4312,9.5525
2017-03-10,312.27,1.0606,0.8725,4.5489999999999995,1.0743,4.3259,27.021,1.9558,7.419,9.5778
2017-03-13,312.43,1.0663,0.8725799999999999,4.556,1.0749,4.3376,27.021,1.9558,7.4333,9.5645
2017-03-14,311.32,1.0631,0.8756299999999999,4.5435,1.0726,4.3221,27.021,1.9558,7.426,9.4968
2017-03-15,310.83,1.0622,0.8707299999999999,4.5423,1.0715,4.3206,27.021,1.9558,7.4298,9.5603
2017-03-16,310.04,1.0726,0.8681,4.5508,1.0695,4.2974,27.021,1.9558,7.422000000000001,9.4838
2017-03-17,308.55,1.0737,0.8686799999999999,4.5633,1.0698,4.2982,27.021,1.9558,7.4133,9.461
2017-03-20,308.64,1.0752,0.86793,4.5605,1.072,4.282,27.021,1.9558,7.4055,9.5078
2017-03-21,308.29,1.0802,0.8675299999999999,4.5646,1.075,4.2628,27.021,1.9558,7.4078,9.4923
2017-03-22,309.16,1.0807,0.8679,4.559,1.0714,4.2816,27.021,1.9558,7.4088,9.5105
2017-03-23,309.22,1.0786,0.8627299999999999,4.5555,1.07,4.2685,27.021,1.9558,7.4178,9.5095
2017-03-24,309.81,1.0805,0.866,4.5527,1.0718,4.2695,27.021,1.9558,7.4198,9.5373
2017-03-27,310.21,1.0889,0.86403,4.5491,1.0713,4.2641,27.021,1.9558,7.4395,9.5503
2017-03-28,309.19,1.0859,0.86455,4.5529,1.0693,4.247,27.021,1.9558,7.4325,9.5318
2017-03-29,309.62,1.0748,0.86385,4.5563,1.0712,4.2389,27.021,1.9558,7.436,9.5505
2017-03-30,309.35,1.0737,0.8618,4.5448,1.0698,4.2233,27.022,1.9558,7.4479999999999995,9.5623
2017-03-31,307.62,1.0691,0.8555299999999999,4.5525,1.0696,4.2265,27.03,1.9558,7.4465,9.5322
2017-04-03,308.68,1.0661,0.8526,4.5495,1.0682,4.2279,27.044,1.9558,7.4305,9.5145
2017-04-04,309.38,1.0651,0.8562299999999999,4.5442,1.0673,4.2571,27.054000000000002,1.9558,7.437,9.61
2017-04-05,309.91,1.0678,0.8551,4.5397,1.0708,4.2315,27.058000000000003,1.9558,7.4578,9.5748
2017-04-06,309.76,1.0666,0.8559,4.5236,1.0702,4.2271,26.736,1.9558,7.46,9.5895
2017-04-07,310.36,1.063,0.8557299999999999,4.5178,1.0695,4.2249,26.563000000000002,1.9558,7.449,9.5963
2017-04-10,311.35,1.0578,0.85335,4.5118,1.0682,4.2296,26.528000000000002,1.9558,7.435,9.6098
2017-04-11,311.4,1.0616,0.8533,4.5104,1.0696,4.2414,26.658,1.9558,7.4239999999999995,9.5915
2017-04-12,311.97,1.0605,0.8484,4.5205,1.0678,4.2485,26.697,1.9558,7.4385,9.5553
2017-04-13,312.55,1.063,0.8476299999999999,4.5189,1.0686,4.245,26.704,1.9558,7.4255,9.582
2017-04-18,312.58,1.0682,0.84375,4.518,1.0686,4.2363,26.759,1.9558,7.437,9.5908
2017-04-19,313.05,1.0725,0.8343,4.5341,1.069,4.2358,26.794,1.9558,7.4468,9.6195
2017-04-20,313.5,1.0745,0.8392,4.5405,1.0701,4.2588,26.906999999999996,1.9558,7.455,9.6203
2017-04-21,314.18,1.0698,0.8372,4.5437,1.068,4.2727,26.933000000000003,1.9558,7.4575,9.639
2017-04-24,311.47,1.0848,0.8483,4.5285,1.0806,4.242,26.793000000000003,1.9558,7.4623,9.5825
2017-04-25,311.7,1.0891,0.8492799999999999,4.5255,1.0826,4.2273,26.771,1.9558,7.4645,9.601
2017-04-26,311.93,1.0893,0.84903,4.5338,1.0835,4.2241,26.947,1.9558,7.4725,9.5605
2017-04-27,312.03,1.0881,0.8442,4.5288,1.082,4.2216,26.936999999999998,1.9558,7.4879999999999995,9.6244
2017-04-28,312.38,1.093,0.84473,4.5348,1.0831,4.2224,26.921999999999997,1.9558,7.4639999999999995,9.6318
2017-05-02,312.2,1.0915,0.8452,4.5495,1.0852,4.2088,26.893,1.9558,7.457000000000001,9.629
2017-05-03,312.15,1.0919,0.8444,4.5485,1.0812,4.1913,26.871,1.9558,7.4493,9.6273
2017-05-04,312.05,1.0927,0.84765,4.546,1.0843,4.2107,26.767,1.9558,7.449,9.6438
2017-05-05,311.47,1.0961,0.8471,4.547,1.0839,4.2173,26.781,1.9558,7.433,9.6865
2017-05-08,311.24,1.0938,0.84465,4.5488,1.0878,4.2011,26.712,1.9558,7.417999999999999,9.658999999999999
2017-05-09,311.73,1.0888,0.843,4.55,1.0938,4.2223,26.671999999999997,1.9558,7.4238,9.6698
2017-05-10,310.59,1.0882,0.83985,4.5495,1.0949,4.218,26.642,1.9558,7.4215,9.699
2017-05-11,310.57,1.0859999999999999,0.84485,4.5489999999999995,1.0952,4.2242,26.598000000000003,1.9558,7.432,9.6478
2017-05-12,310.24,1.0876,0.84588,4.545,1.0963,4.217,26.576,1.9558,7.4225,9.6673
2017-05-15,309.17,1.0972,0.8492799999999999,4.5503,1.0944,4.2089,26.471,1.9558,7.4332,9.6733
2017-05-16,309.54,1.1059,0.8586799999999999,4.5478,1.0958,4.1984,26.42,1.9558,7.4303,9.7215
2017-05-17,309.42,1.1117,0.85745,4.5584,1.0923,4.1867,26.435,1.9558,7.4313,9.7573
2017-05-18,310.69,1.1129,0.8536299999999999,4.5683,1.0874,4.2232,26.631999999999998,1.9558,7.454,9.7655
2017-05-19,309.6,1.1179,0.85908,4.5602,1.0921,4.2005,26.503,1.9558,7.439,9.7893
2017-05-22,308.65,1.1243,0.8635299999999999,4.5609,1.0911,4.1927,26.488000000000003,1.9558,7.4415,9.7895
2017-05-23,308.48,1.1215,0.8646299999999999,4.5543,1.0912,4.198,26.483,1.9558,7.4323,9.7403
2017-05-24,308.11,1.1193,0.8634,4.5511,1.0929,4.1867,26.463,1.9558,7.428,9.7418
2017-05-25,307.93,1.1214,0.8652799999999999,4.55,1.0904,4.1793,26.413,1.9558,7.4305,9.7275
2017-05-26,307.4,1.1196,0.8719,4.5568,1.0888,4.183,26.434,1.9558,7.4239999999999995,9.7275
2017-05-29,307.84,1.1188,0.87093,4.5638,1.09,4.1797,26.435,1.9558,7.4135,9.7248
2017-05-30,308.63,1.1173,0.86793,4.566,1.0903,4.176,26.467,1.9558,7.4195,9.7688
2017-05-31,307.2,1.1221,0.87365,4.5655,1.0896,4.1712,26.421999999999997,1.9558,7.4135,9.7558
2017-06-01,307.55,1.1219,0.8723,4.5685,1.0883,4.183,26.397,1.9558,7.412999999999999,9.776
2017-06-02,308.45,1.1217,0.8726799999999999,4.5653,1.0893,4.1925,26.36,1.9558,7.4113,9.7433
2017-06-05,307.22,1.1249,0.8713,4.5698,1.0856,4.1838,26.326999999999998,1.9558,7.4008,9.7448
2017-06-06,307.66,1.1258,0.8723,4.566,1.0851,4.1992,26.336,1.9558,7.4065,9.7503
2017-06-07,308.66,1.1217,0.86908,4.5703,1.0843,4.1913,26.316,1.9558,7.4058,9.7953
2017-06-08,308.01,1.1229,0.86755,4.5665,1.0856,4.2065,26.268,1.9558,7.4228,9.7885
2017-06-09,307.32,1.1176,0.8763799999999999,4.5628,1.0863,4.1903,26.223000000000003,1.9558,7.415,9.7615
2017-06-12,307.18,1.1221,0.88545,4.562,1.0857,4.1899,26.198,1.9558,7.4115,9.7803
2017-06-13,306.97,1.1217,0.88075,4.5662,1.085,4.1936,26.147,1.9558,7.4085,9.7443
2017-06-14,306.39,1.1203,0.8796,4.5664,1.0874,4.1967,26.163,1.9558,7.3995,9.7448
2017-06-15,307.79,1.1166,0.8764,4.5893,1.0874,4.2122,26.213,1.9558,7.405,9.7278
2017-06-16,307.91,1.1167,0.8745299999999999,4.5835,1.0885,4.2184,26.233,1.9558,7.3995,9.737
2017-06-19,307.09,1.1199,0.87518,4.5901,1.087,4.2125,26.171999999999997,1.9558,7.4148,9.7443
2017-06-20,309.13,1.1156,0.8814299999999999,4.5988,1.0854,4.2306,26.293000000000003,1.9558,7.4175,9.7575
2017-06-21,309.13,1.1147,0.8781,4.59,1.0857,4.2368,26.266,1.9558,7.4165,9.7808
2017-06-22,309.22,1.1169,0.8816799999999999,4.5823,1.0867,4.2402,26.27,1.9558,7.4215,9.7683
2017-06-23,309.13,1.1173,0.87805,4.5715,1.0851,4.232,26.296999999999997,1.9558,7.403,9.77
2017-06-26,309.48,1.1187,0.8783,4.5749,1.0881,4.2108,26.243000000000002,1.9558,7.4126,9.7618
2017-06-27,309.4,1.1278,0.8837,4.5635,1.0883,4.2151,26.27,1.9558,7.407,9.7678
2017-06-28,309.54,1.1375,0.88525,4.551,1.0913,4.2375,26.326,1.9558,7.4128,9.777999999999999
2017-06-29,310.06,1.1413,0.8799,4.5744,1.0935,4.2489,26.3,1.9558,7.4125,9.7215
2017-06-30,308.97,1.1412,0.87933,4.5523,1.093,4.2259,26.197,1.9558,7.4103,9.6398
2017-07-03,309.25,1.1369,0.87705,4.5634,1.0943,4.2355,26.14,1.9558,7.4215,9.6358
2017-07-04,308.3,1.1353,0.87805,4.5884,1.0954,4.2426,26.131999999999998,1.9558,7.4165,9.6735
2017-07-05,308.16,1.1329,0.87735,4.5881,1.095,4.2463,26.109,1.9558,7.4143,9.6243
2017-07-06,309.37,1.1385,0.88013,4.5933,1.0975,4.2478,26.147,1.9558,7.4055,9.631
2017-07-07,308.38,1.1412,0.8848799999999999,4.5862,1.0983,4.2322,26.079,1.9558,7.4153,9.6155
2017-07-10,307.99,1.1387,0.8844299999999999,4.5698,1.1007,4.234,26.096,1.9558,7.4043,9.6175
2017-07-11,308.13,1.1405,0.88318,4.5685,1.104,4.246,26.124000000000002,1.9558,7.4110000000000005,9.639
2017-07-12,307.33,1.1449,0.88925,4.5675,1.1027,4.2444,26.11,1.9558,7.409,9.635
2017-07-13,307.27,1.1417,0.88215,4.5635,1.1011,4.2332,26.12,1.9558,7.405,9.543
2017-07-14,306.51,1.1415,0.8798299999999999,4.5627,1.1051,4.2172,26.075,1.9558,7.4079999999999995,9.5333
2017-07-17,306.05,1.1462,0.87755,4.5598,1.1012,4.208,26.09,1.9558,7.4111,9.54
2017-07-18,306.2,1.1555,0.8878,4.56,1.1025,4.2029,26.08,1.9558,7.4138,9.5658
2017-07-19,306.42,1.1533,0.88485,4.567,1.0994,4.2127,26.035,1.9558,7.4143,9.5598
2017-07-20,305.77,1.1485,0.88718,4.5655,1.1039,4.21,26.04,1.9558,7.4103,9.5678
2017-07-21,305.37,1.1642,0.8961,4.5703,1.1051,4.2364,26.017,1.9558,7.4110000000000005,9.6193
2017-07-24,305.15,1.1648,0.8935,4.5638,1.102,4.2408,26.024,1.9558,7.4098,9.5883
2017-07-25,305.49,1.1694,0.89395,4.5635,1.1063,4.2571,26.013,1.9558,7.4128,9.5545
2017-07-26,305.57,1.1644,0.89275,4.5632,1.1152,4.2613,26.046999999999997,1.9558,7.4128,9.5705
2017-07-27,304.75,1.1694,0.8897799999999999,4.565,1.1232,4.2541,26.045,1.9558,7.4148,9.582
2017-07-28,304.93,1.1729,0.8956799999999999,4.558,1.1357,4.2493,26.048000000000002,1.9558,7.412000000000001,9.5355
2017-07-31,304.62,1.1727,0.8942,4.559,1.1359,4.2493,26.079,1.9558,7.4110000000000005,9.5423
2017-08-01,303.6,1.1812,0.8944,4.5596,1.1414,4.2563,26.131999999999998,1.9558,7.409,9.5563
2017-08-02,303.86,1.1829,0.89425,4.5593,1.1459,4.254,26.128,1.9558,7.4063,9.5918
2017-08-03,303.74,1.186,0.9031799999999999,4.5655,1.1501,4.2526,25.965,1.9558,7.4063,9.6093
2017-08-04,304.36,1.1868,0.9028,4.5635,1.1494,4.2410000000000005,26.068,1.9558,7.407,9.6053
2017-08-07,303.8,1.1797,0.90435,4.564,1.148,4.2518,26.116,1.9558,7.4035,9.6175
2017-08-08,304.49,1.1814,0.9067799999999999,4.5638,1.1478,4.2554,26.15,1.9558,7.4005,9.597999999999999
2017-08-09,304.6,1.1731,0.90338,4.5691,1.1293,4.2669999999999995,26.16,1.9558,7.4028,9.621
2017-08-10,305.37,1.1732,0.9030299999999999,4.5743,1.1341,4.2717,26.156999999999996,1.9558,7.4008,9.568
2017-08-11,305.41,1.1765,0.90645,4.5778,1.1320000000000001,4.2888,26.155,1.9558,7.3982,9.6083
2017-08-14,304.4,1.1797,0.90935,4.5716,1.1422,4.2816,26.118000000000002,1.9558,7.3945,9.5665
2017-08-15,304.15,1.1744,0.91145,4.5725,1.1417,4.2791,26.142,1.9558,7.3933,9.4835
2017-08-16,304.05,1.171,0.9099299999999999,4.5821,1.1406,4.2749,26.044,1.9558,7.3935,9.482000000000001
2017-08-17,304.05,1.1697,0.90895,4.5848,1.1311,4.2575,26.011999999999997,1.9558,7.4042,9.5088
2017-08-18,303.56,1.1740000000000002,0.9118799999999999,4.59,1.1287,4.2807,26.108,1.9558,7.402,9.537
2017-08-21,303.43,1.1761,0.9131799999999999,4.5849,1.1362,4.2738,26.086,1.9558,7.4053,9.5173
2017-08-22,303.7,1.1771,0.9171299999999999,4.5868,1.1364,4.2818,26.083000000000002,1.9558,7.4045,9.539
2017-08-23,303.35,1.1799,0.92133,4.5853,1.1392,4.2848,26.124000000000002,1.9558,7.4068,9.5455
2017-08-24,304.17,1.1806,0.92,4.583,1.1375,4.2754,26.098000000000003,1.9558,7.414,9.5118
2017-08-25,304.68,1.1808,0.9208299999999999,4.5983,1.139,4.2598,26.084,1.9558,7.414,9.5053
2017-08-28,304.01,1.1925,0.9232799999999999,4.5977,1.1389,4.2581,26.101999999999997,1.9558,7.4145,9.5155
2017-08-29,305.32,1.2048,0.92965,4.5968,1.1386,4.2676,26.142,1.9558,7.4155,9.5363
2017-08-30,305.68,1.1916,0.9224600000000001,4.5915,1.1422,4.2598,26.045,1.9558,7.4135,9.5095
2017-08-31,306.63,1.1825,0.9197299999999999,4.5924,1.1446,4.2582,26.101,1.9558,7.4148,9.4818
2017-09-01,305.09,1.192,0.92075,4.5963,1.1441,4.2406,26.076999999999998,1.9558,7.4215,9.4778
2017-09-04,306.02,1.1905,0.91855,4.5962,1.1399,4.2406,26.061999999999998,1.9558,7.415,9.4733
2017-09-05,306.39,1.189,0.9174,4.5965,1.1407,4.2361,26.076999999999998,1.9558,7.4173,9.469
2017-09-06,306.17,1.1931,0.91428,4.5986,1.1399,4.2415,26.112,1.9558,7.4277,9.501
2017-09-07,305.69,1.1971,0.9140299999999999,4.598,1.1412,4.2433,26.113000000000003,1.9558,7.4324,9.5263
2017-09-08,306.46,1.206,0.9126799999999999,4.6008,1.1405,4.2534,26.099,1.9558,7.4315,9.5388
2017-09-11,306.28,1.1997,0.90775,4.5987,1.1404,4.244,26.076999999999998,1.9558,7.4282,9.5705
2017-09-12,307.11,1.1933,0.8987799999999999,4.6018,1.1444,4.2549,26.105,1.9558,7.4513,9.5355
2017-09-13,308.02,1.1979,0.90243,4.6013,1.1496,4.2798,26.101,1.9558,7.468,9.5475
2017-09-14,308.28,1.1885,0.89123,4.6017,1.1496,4.2843,26.103,1.9558,7.4835,9.5345
2017-09-15,308.91,1.1963,0.8804299999999999,4.5999,1.148,4.2761,26.081,1.9558,7.4805,9.5058
2017-09-18,309.87,1.1948,0.8825299999999999,4.5993,1.1464,4.2884,26.090999999999998,1.9558,7.4845,9.5145
2017-09-19,308.85,1.1972,0.8862200000000001,4.6004,1.1535,4.2785,26.103,1.9558,7.4745,9.5261
2017-09-20,308.34,1.2007,0.8868,4.5993,1.1532,4.2774,26.090999999999998,1.9558,7.4828,9.5335
2017-09-21,310.61,1.1905,0.8824,4.5988,1.1585,4.2805,26.083000000000002,1.9558,7.4828,9.5135
2017-09-22,309.73,1.1961,0.88155,4.5967,1.1588,4.2672,26.046,1.9558,7.4843,9.5358
2017-09-25,310.25,1.1867,0.8793799999999999,4.5988,1.1562,4.2681,26.033,1.9558,7.4902,9.5325
2017-09-26,310.77,1.1787,0.87775,4.6013,1.1452,4.2824,26.055999999999997,1.9558,7.492999999999999,9.5473
2017-09-27,311.15,1.1741,0.87565,4.5986,1.1451,4.3027,26.045,1.9558,7.4994,9.5885
2017-09-28,311.06,1.1778,0.87635,4.6003,1.146,4.3122,26.041,1.9558,7.4975,9.58
2017-09-29,310.67,1.1806,0.8817799999999999,4.5993,1.1457,4.3042,25.980999999999998,1.9558,7.495,9.649
2017-10-02,311.44,1.1744,0.88418,4.5878,1.1399,4.3132,25.995,1.9558,7.497000000000001,9.6055
2017-10-03,312.05,1.1753,0.8879299999999999,4.591,1.1449,4.3102,25.932,1.9558,7.4975,9.5675
2017-10-04,311.2,1.1787,0.8876799999999999,4.5808,1.1456,4.2971,25.886,1.9558,7.5051,9.5425
2017-10-05,311.42,1.1742,0.8915299999999999,4.575,1.1472,4.3,25.837,1.9558,7.5055,9.5195
2017-10-06,311.36,1.1707,0.89535,4.5766,1.1473,4.3039,25.816,1.9558,7.5055,9.5418
2017-10-09,312.32,1.1746,0.89195,4.5754,1.1497,4.3077,25.893,1.9558,7.5025,9.5348
2017-10-10,310.65,1.1797,0.8941,4.5753,1.1522,4.2931,25.9,1.9558,7.5035,9.5265
2017-10-11,309.93,1.183,0.8971,4.5865,1.1524,4.2851,25.879,1.9558,7.5115,9.5313
2017-10-12,309.18,1.1856,0.90235,4.5919,1.1552,4.273,25.891,1.9558,7.5089999999999995,9.5883
2017-10-13,308.64,1.181,0.8898,4.5865,1.1533,4.2555,25.813000000000002,1.9558,7.5085,9.605
2017-10-16,307.53,1.1803,0.8875299999999999,4.5838,1.1514,4.2378,25.77,1.9558,7.5038,9.5885
2017-10-17,307.35,1.1759,0.8914799999999999,4.58,1.1504,4.2298,25.733,1.9558,7.507999999999999,9.5813
2017-10-18,308.27,1.1749,0.8928299999999999,4.588,1.1551,4.2277,25.705,1.9558,7.5075,9.5945
2017-10-19,308.51,1.1834,0.89815,4.5958,1.1541,4.2392,25.725,1.9558,7.5088,9.6445
2017-10-20,308.13,1.1818,0.89623,4.5971,1.1597,4.2363,25.69,1.9558,7.5065,9.6445
2017-10-23,308.06,1.1740000000000002,0.8909,4.6,1.1581,4.2266,25.641,1.9558,7.507000000000001,9.644
2017-10-24,308.53,1.1761,0.8930299999999999,4.6013,1.1613,4.2403,25.583000000000002,1.9558,7.513,9.6475
2017-10-25,310.16,1.1785,0.8888299999999999,4.5975,1.169,4.2355,25.589000000000002,1.9558,7.5148,9.6858
2017-10-26,310.32,1.1753,0.8901,4.5983,1.1678,4.235,25.589000000000002,1.9558,7.5155,9.7218
2017-10-27,311.23,1.1605,0.88633,4.601,1.1632,4.2462,25.673000000000002,1.9558,7.5123,9.738999999999999
2017-10-30,311.01,1.1612,0.8798,4.599,1.1603,4.2432,25.645,1.9558,7.522,9.709
2017-10-31,311.64,1.1638,0.8785299999999999,4.6005,1.1622,4.244,25.669,1.9558,7.5225,9.7415
2017-11-01,311.75,1.1612,0.87385,4.6033,1.1640000000000001,4.2338,25.557,1.9558,7.52,9.7535
2017-11-02,310.9,1.1645,0.8869,4.5992,1.1647,4.2376,25.535,1.9558,7.5302,9.7615
2017-11-03,310.29,1.1657,0.88923,4.5978,1.1635,4.2383,25.651999999999997,1.9558,7.5335,9.7912
2017-11-06,311.15,1.159,0.8839,4.5895,1.1593,4.2408,25.612,1.9558,7.5375,9.7683
2017-11-07,310.99,1.1562,0.8803799999999999,4.5945,1.1557,4.2396,25.590999999999998,1.9558,7.5416,9.7443
2017-11-08,311.85,1.159,0.88405,4.628,1.1581,4.2341,25.56,1.9558,7.539,9.7288
2017-11-09,312.08,1.163,0.88633,4.64,1.1589,4.2346,25.528000000000002,1.9558,7.5385,9.7355
2017-11-10,312.0,1.1654,0.8837,4.6533,1.1591,4.2308,25.543000000000003,1.9558,7.5435,9.743
2017-11-13,312.04,1.1656,0.89018,4.6562,1.1591,4.2349,25.566999999999997,1.9558,7.55,9.7705
2017-11-14,311.97,1.1745,0.89585,4.6493,1.1643,4.2381,25.566,1.9558,7.5520000000000005,9.8905
2017-11-15,312.11,1.1840000000000002,0.8991,4.6351,1.1675,4.2473,25.669,1.9558,7.5553,9.9728
2017-11-16,312.52,1.1771,0.8918299999999999,4.638999999999999,1.1686,4.234,25.559,1.9558,7.5663,9.8868
2017-11-17,311.58,1.1795,0.89385,4.647,1.1696,4.2342,25.588,1.9558,7.5663,9.9443
2017-11-20,312.44,1.1781,0.8894,4.6514,1.1676,4.2311,25.568,1.9558,7.5648,9.9585
2017-11-21,312.93,1.1718,0.8849799999999999,4.6568,1.1641,4.229,25.533,1.9558,7.565,9.9473
2017-11-22,313.54,1.1749,0.8881,4.6525,1.1609,4.2155,25.469,1.9558,7.577000000000001,9.8818
2017-11-23,313.05,1.1848,0.89005,4.6522,1.1613,4.2124,25.462,1.9558,7.5778,9.844
2017-11-24,311.83,1.1877,0.8912,4.6434,1.165,4.2109,25.413,1.9558,7.5635,9.8638
2017-11-27,311.24,1.1952,0.89375,4.6418,1.1718,4.2087,25.430999999999997,1.9558,7.5588,9.926
2017-11-28,310.99,1.1888,0.89538,4.6413,1.168,4.2069,25.463,1.9558,7.5435,9.906
2017-11-29,311.59,1.1827,0.8829299999999999,4.644,1.1664,4.2006,25.474,1.9558,7.547000000000001,9.915
2017-11-30,312.77,1.1849,0.87985,4.6475,1.1699,4.1955,25.491,1.9558,7.555,9.9208
2017-12-01,313.8,1.1885,0.88115,4.6305,1.1691,4.2129,25.524,1.9558,7.5553,9.9487
2017-12-04,313.08,1.1865,0.87725,4.6215,1.1665,4.2026,25.557,1.9558,7.555,9.9635
2017-12-05,313.96,1.1847,0.8818299999999999,4.6337,1.1673,4.202,25.653000000000002,1.9558,7.5543,9.968
2017-12-06,314.45,1.1817,0.88335,4.632,1.1678,4.2142,25.636,1.9558,7.5463,9.9265
2017-12-07,314.84,1.1786,0.8806799999999999,4.6354,1.17,4.2129,25.611,1.9558,7.545,9.9558
2017-12-08,314.5,1.1742,0.87525,4.6336,1.1704,4.202,25.555,1.9558,7.5493,9.977
2017-12-11,313.95,1.1796,0.8825,4.6323,1.1679,4.2033,25.601,1.9558,7.542000000000001,10.016
2017-12-12,314.33,1.1766,0.8806799999999999,4.6335,1.1671,4.2044,25.596,1.9558,7.5395,9.9328
2017-12-13,314.36,1.1736,0.87905,4.6325,1.1647,4.2146,25.65,1.9558,7.5505,9.906
2017-12-14,314.07,1.1845,0.8816299999999999,4.633,1.1686,4.2219999999999995,25.695,1.9558,7.5478,9.9488
2017-12-15,313.43,1.1806,0.8825299999999999,4.6332,1.1669,4.2167,25.678,1.9558,7.5465,9.9583
2017-12-18,313.67,1.1795,0.88208,4.6228,1.1652,4.207,25.685,1.9558,7.542999999999999,9.9588
2017-12-19,313.1,1.1823,0.885,4.6198,1.1643,4.1993,25.662,1.9558,7.545,9.9508
2017-12-20,312.75,1.1845,0.8832,4.6284,1.1702,4.2041,25.674,1.9558,7.547000000000001,9.9128
2017-12-21,312.36,1.1859,0.8876299999999999,4.6363,1.1725,4.1998,25.715,1.9558,7.5468,9.9844
2017-12-22,311.82,1.1853,0.8856799999999999,4.6419999999999995,1.1735,4.1975,25.75,1.9558,7.542000000000001,9.9327
2017-12-27,310.99,1.1895,0.8859299999999999,4.6499,1.1772,4.1884,25.84,1.9558,7.5398,9.8727
2017-12-28,310.3,1.1934,0.8876799999999999,4.652,1.1704,4.1808,25.645,1.9558,7.5115,9.8452
2017-12-29,310.33,1.1993,0.88723,4.6585,1.1702,4.177,25.535,1.9558,7.44,9.8438
2018-01-02,308.59,1.2065,0.8895299999999999,4.6525,1.1718,4.1633,25.494,1.9558,7.4639999999999995,9.8283
2018-01-03,309.29,1.2023,0.8864,4.6355,1.1736,4.1652,25.545,1.9558,7.441,9.825
2018-01-04,308.53,1.2065,0.8910299999999999,4.629,1.1763,4.1555,25.515,1.9558,7.4355,9.822000000000001
2018-01-05,308.77,1.2045,0.8888299999999999,4.6351,1.1757,4.1554,25.594,1.9558,7.435,9.8318
2018-01-08,308.84,1.1973,0.88413,4.6206,1.1709,4.1663,25.524,1.9558,7.442,9.8165
2018-01-09,309.36,1.1932,0.8827,4.6530000000000005,1.1727,4.1795,25.535,1.9558,7.4475,9.8288
2018-01-10,309.92,1.1992,0.8867,4.6395,1.1725,4.1814,25.57,1.9558,7.4493,9.811
2018-01-11,309.43,1.2017,0.89075,4.6413,1.1736,4.1785,25.546999999999997,1.9558,7.4538,9.8203
2018-01-12,308.74,1.2137,0.8898299999999999,4.6363,1.1787,4.1722,25.521,1.9558,7.4454,9.835
2018-01-15,308.9,1.2277,0.8904299999999999,4.6278,1.1799,4.1686,25.531,1.9558,7.434,9.8335
2018-01-16,308.75,1.2229999999999999,0.8886,4.6483,1.1795,4.1713,25.516,1.9558,7.4235,9.8228
2018-01-17,308.77,1.2203,0.8856799999999999,4.6571,1.1774,4.1713,25.447,1.9558,7.4266,9.8425
2018-01-18,308.51,1.2235,0.88208,4.648,1.1748,4.1665,25.365,1.9558,7.4409,9.8305
2018-01-19,309.2,1.2255,0.88365,4.6594,1.1758,4.1716,25.433000000000003,1.9558,7.4352,9.8333
2018-01-22,309.65,1.2239,0.88085,4.667,1.1764,4.1707,25.399,1.9558,7.4355,9.834
2018-01-23,310.13,1.2249,0.8783,4.671,1.1779,4.1696,25.403000000000002,1.9558,7.4306,9.8443
2018-01-24,309.01,1.2352,0.8718299999999999,4.6648,1.1735,4.1563,25.374000000000002,1.9558,7.4325,9.8323
2018-01-25,309.35,1.2407,0.8703799999999999,4.6693,1.168,4.1469,25.381,1.9558,7.4245,9.8188
2018-01-26,309.8,1.2436,0.87335,4.6663,1.1632,4.1422,25.357,1.9558,7.419,9.8005
2018-01-29,309.34,1.2379,0.8794,4.6530000000000005,1.1563,4.1436,25.296999999999997,1.9558,7.4218,9.7823
2018-01-30,310.38,1.2421,0.8793,4.6513,1.1589,4.1449,25.33,1.9558,7.4188,9.7825
2018-01-31,310.65,1.2457,0.8791,4.6545,1.1631,4.1503,25.272,1.9558,7.4325,9.7645
2018-02-01,310.06,1.2459,0.8752,4.6548,1.1603,4.1543,25.267,1.9558,7.4325,9.802999999999999
2018-02-02,309.49,1.2492,0.8785,4.6458,1.1596,4.1541,25.191999999999997,1.9558,7.4349,9.8223
2018-02-05,309.6,1.244,0.8856799999999999,4.6333,1.1599,4.1585,25.195999999999998,1.9558,7.433,9.8338
2018-02-06,310.65,1.2329,0.88885,4.6445,1.1571,4.1644,25.233,1.9558,7.4358,9.8685
2018-02-07,309.81,1.2338,0.88675,4.6555,1.161,4.1595,25.23,1.9558,7.4413,9.8585
2018-02-08,310.96,1.2252,0.87513,4.652,1.1555,4.1695,25.247,1.9558,7.4398,9.8968
2018-02-09,312.08,1.2273,0.8874,4.6563,1.15,4.1903,25.335,1.9558,7.4435,9.9448
2018-02-12,311.97,1.2263,0.8859999999999999,4.6524,1.1503,4.1748,25.358,1.9558,7.4525,9.9195
2018-02-13,312.16,1.2333,0.88935,4.6586,1.1522,4.1781,25.386,1.9558,7.4357,9.9388
2018-02-14,312.82,1.2348,0.8904,4.6606,1.1519,4.1719,25.37,1.9558,7.434,9.9305
2018-02-15,311.68,1.2493,0.8866,4.662,1.1545,4.1532,25.37,1.9558,7.4383,9.918
2018-02-16,311.28,1.2464,0.8880299999999999,4.6625,1.1521,4.1597,25.34,1.9558,7.438,9.914
2018-02-19,311.15,1.2409999999999999,0.8859,4.6613,1.1513,4.146,25.326999999999998,1.9558,7.4385,9.9155
2018-02-20,311.78,1.234,0.8816799999999999,4.6636,1.1537,4.1467,25.318,1.9558,7.4385,9.9688
2018-02-21,312.15,1.2312,0.8846299999999999,4.6615,1.1551,4.1589,25.361,1.9558,7.4415,9.9648
2018-02-22,312.69,1.2276,0.8834299999999999,4.6555,1.1508,4.1819,25.316,1.9558,7.4445,9.9963
2018-02-23,312.88,1.2299,0.8794,4.655,1.1505,4.1698,25.337,1.9558,7.4365,10.0583
2018-02-26,313.59,1.232,0.8782,4.6625,1.153,4.1697,25.391,1.9558,7.4435,10.0435
2018-02-27,313.97,1.2301,0.884,4.6575,1.1539,4.167,25.398000000000003,1.9558,7.4452,10.08
2018-02-28,313.93,1.2214,0.88415,4.663,1.1520000000000001,4.1781,25.418000000000003,1.9558,7.4505,10.0923
2018-03-01,313.78,1.2171,0.8852,4.6573,1.1519,4.1853,25.434,1.9558,7.4479999999999995,10.1185
2018-03-02,313.88,1.2312,0.8932,4.6595,1.1512,4.1944,25.409000000000002,1.9558,7.4445,10.1643
2018-03-05,313.76,1.2307,0.8907,4.6618,1.1549,4.1909,25.404,1.9558,7.4303,10.1683
2018-03-06,313.11,1.2411,0.89165,4.6598,1.1626,4.1815,25.38,1.9558,7.4275,10.1835
2018-03-07,311.74,1.2417,0.89513,4.6605,1.1673,4.1939,25.421,1.9558,7.428,10.2383
2018-03-08,312.02,1.2421,0.89465,4.6588,1.1731,4.2042,25.427,1.9558,7.4365,10.2173
2018-03-09,311.93,1.2291,0.8889299999999999,4.657,1.1695,4.2018,25.454,1.9558,7.4355,10.1648
2018-03-12,311.89,1.2302,0.8859,4.6618,1.1681,4.2013,25.448,1.9558,7.445,10.1563
2018-03-13,311.91,1.2378,0.8865,4.6619,1.169,4.2119,25.471,1.9558,7.4412,10.1568
2018-03-14,311.63,1.2369,0.8863,4.6625,1.1704,4.2023,25.447,1.9558,7.4428,10.1255
2018-03-15,311.07,1.2341,0.8848,4.6653,1.1689,4.2122,25.416,1.9558,7.4438,10.0943
2018-03-16,311.04,1.2301,0.8825299999999999,4.6655,1.1702,4.2173,25.415,1.9558,7.4308,10.0795
2018-03-19,310.98,1.2309,0.8759299999999999,4.6677,1.1717,4.2171,25.432,1.9558,7.4295,10.0838
2018-03-20,311.13,1.2276,0.87715,4.6663,1.1721,4.2277,25.423000000000002,1.9558,7.4423,10.0563
2018-03-21,311.43,1.2286,0.87403,4.6678,1.1709,4.2364,25.421999999999997,1.9558,7.44,10.0883
2018-03-22,311.66,1.2316,0.872,4.6675,1.1671,4.2217,25.399,1.9558,7.4435,10.12
2018-03-23,312.9,1.2346,0.87285,4.663,1.1703,4.2262,25.405,1.9558,7.4398,10.1943
2018-03-26,312.73,1.2411,0.8724799999999999,4.6593,1.1739,4.23,25.445999999999998,1.9558,7.442,10.1868
2018-03-27,312.85,1.2376,0.8794,4.6558,1.1764,4.2196,25.473000000000003,1.9558,7.4408,10.2156
2018-03-28,312.51,1.2398,0.87605,4.6525,1.1801,4.2072,25.462,1.9558,7.4428,10.28
2018-03-29,312.13,1.2321,0.8749,4.6565,1.1779,4.2106,25.425,1.9558,7.4323,10.2843
2018-04-03,312.24,1.2308,0.87523,4.6610000000000005,1.1775,4.2087,25.366999999999997,1.9558,7.432,10.2968
2018-04-04,311.67,1.2276,0.8757299999999999,4.66,1.1776,4.2035,25.34,1.9558,7.4324,10.3175
2018-04-05,310.96,1.226,0.87395,4.6623,1.1796,4.2041,25.326999999999998,1.9558,7.432,10.314
2018-04-06,312.56,1.2234,0.87295,4.6636,1.1798,4.1983,25.339000000000002,1.9558,7.4239999999999995,10.2983
2018-04-09,312.1,1.2304,0.8708799999999999,4.6634,1.179,4.1952,25.357,1.9558,7.432,10.296
2018-04-10,311.82,1.2361,0.8718299999999999,4.662,1.1792,4.1930000000000005,25.335,1.9558,7.4295,10.2855
2018-04-11,311.74,1.2384,0.8736,4.6627,1.1855,4.1915,25.323,1.9558,7.426,10.2863
2018-04-12,311.4,1.2323,0.86745,4.6615,1.1876,4.1844,25.316,1.9558,7.4213,10.3723
2018-04-13,311.13,1.2317,0.8640000000000001,4.6603,1.1854,4.1763,25.307,1.9558,7.4165,10.3798
2018-04-16,310.3,1.237,0.86465,4.6508,1.1878,4.1627,25.265,1.9558,7.4128,10.4045
2018-04-17,310.84,1.2357,0.8628,4.6468,1.1908,4.1602,25.254,1.9558,7.4135,10.3913
2018-04-18,310.16,1.2388,0.87105,4.6539,1.1979,4.1697,25.303,1.9558,7.4178,10.4033
2018-04-19,310.37,1.2382,0.86975,4.657,1.1976,4.1664,25.326999999999998,1.9558,7.412000000000001,10.3778
2018-04-20,310.52,1.2309,0.87608,4.6586,1.197,4.1677,25.34,1.9558,7.4110000000000005,10.3703
2018-04-23,311.38,1.2238,0.8764,4.6577,1.1941,4.1893,25.408,1.9558,7.4153,10.3763
2018-04-24,312.83,1.2213,0.8746799999999999,4.6530000000000005,1.1944,4.1996,25.436999999999998,1.9558,7.4194,10.3775
2018-04-25,313.2,1.2185,0.8738,4.6453,1.1986,4.2241,25.465999999999998,1.9558,7.4185,10.422
2018-04-26,312.8,1.2168,0.871,4.6538,1.1976,4.236000000000001,25.471999999999998,1.9558,7.4226,10.4478
2018-04-27,312.84,1.207,0.877,4.6615,1.196,4.2161,25.471,1.9558,7.4195,10.5178
2018-04-30,313.55,1.2079,0.8796,4.6614,1.1968,4.2264,25.541999999999998,1.9558,7.41,10.4993
2018-05-02,314.04,1.2007,0.8804,4.6635,1.1957,4.2755,25.601,1.9558,7.4110000000000005,10.6174
2018-05-03,314.06,1.1992,0.8818,4.6658,1.1958,4.2628,25.585,1.9558,7.4153,10.6045
2018-05-04,313.87,1.1969,0.88235,4.662,1.195,4.2543,25.503,1.9558,7.404,10.5715
2018-05-07,314.34,1.1902,0.8801,4.6563,1.1964,4.2537,25.518,1.9558,7.3985,10.5383
2018-05-08,314.91,1.187,0.8793,4.6495,1.1906,4.2792,25.526,1.9558,7.392,10.475999999999999
2018-05-09,315.12,1.1879,0.87445,4.6448,1.1895,4.2656,25.564,1.9558,7.3875,10.3473
2018-05-10,313.85,1.1878,0.8781,4.6388,1.1908,4.2443,25.498,1.9558,7.3885,10.315
2018-05-11,314.97,1.1934,0.88,4.6345,1.1933,4.2584,25.506,1.9558,7.3893,10.2635
2018-05-14,315.37,1.1988,0.8824,4.629,1.1965,4.2629,25.488000000000003,1.9558,7.3835,10.2958
2018-05-15,316.93,1.1883,0.879,4.6331,1.1909999999999998,4.2837,25.551,1.9558,7.3833,10.2928
2018-05-16,317.27,1.1784,0.87418,4.635,1.1792,4.2889,25.545,1.9558,7.382999999999999,10.2903
2018-05-17,316.58,1.1805,0.8735,4.6319,1.1819,4.2899,25.557,1.9558,7.3803,10.295
2018-05-18,317.68,1.1781,0.87325,4.6323,1.1773,4.295,25.59,1.9558,7.3839999999999995,10.3073
2018-05-21,319.4,1.1759,0.8764,4.6217,1.1753,4.3138,25.68,1.9558,7.3815,10.2555
2018-05-22,317.45,1.1794,0.8768799999999999,4.6265,1.1738,4.2862,25.701999999999998,1.9558,7.3868,10.2158
2018-05-23,319.53,1.1708,0.8795299999999999,4.6294,1.1598,4.3088,25.813000000000002,1.9558,7.3913,10.2906
2018-05-24,319.27,1.1728,0.87475,4.627,1.1607,4.3031,25.809,1.9558,7.3946,10.2518
2018-05-25,319.9,1.1675,0.8754,4.6297,1.1593,4.309,25.765,1.9558,7.3905,10.1922
2018-05-28,319.42,1.1644,0.87465,4.636,1.1577,4.3053,25.730999999999998,1.9558,7.395,10.2373
2018-05-29,320.05,1.1558,0.8714299999999999,4.647,1.1517,4.311,25.906999999999996,1.9558,7.3903,10.3173
2018-05-30,319.57,1.1632,0.875,4.6443,1.1513,4.3135,25.835,1.9558,7.3893,10.2783
2018-05-31,318.89,1.1699,0.8768,4.6508,1.1526,4.3058,25.796999999999997,1.9558,7.3870000000000005,10.2683
2018-06-01,319.84,1.1669,0.8768,4.665,1.1531,4.3162,25.826999999999998,1.9558,7.385,10.2943
2018-06-04,318.64,1.1737,0.8767299999999999,4.6548,1.1546,4.2848,25.695999999999998,1.9558,7.379,10.2583
2018-06-05,318.68,1.1675,0.8739,4.6526,1.1515,4.2886,25.653000000000002,1.9558,7.382999999999999,10.2498
2018-06-06,318.64,1.1765,0.8768299999999999,4.6534,1.1629,4.2753,25.648000000000003,1.9558,7.3878,10.276
2018-06-07,317.36,1.1836,0.88123,4.6555,1.1613,4.2603,25.64,1.9558,7.3848,10.2515
2018-06-08,319.7,1.1754,0.8773299999999999,4.6593,1.1572,4.2793,25.795,1.9558,7.382999999999999,10.287
2018-06-11,321.65,1.179,0.8818,4.659,1.1631,4.2669,25.682,1.9558,7.3788,10.253
2018-06-12,319.89,1.1788,0.88175,4.6605,1.1615,4.2754,25.651999999999997,1.9558,7.3815,10.155
2018-06-13,320.35,1.1764,0.8821,4.665,1.1616,4.2766,25.711,1.9558,7.38,10.136000000000001
2018-06-14,321.09,1.173,0.8768299999999999,4.6655,1.1585,4.2671,25.651,1.9558,7.3843,10.16
2018-06-15,323.04,1.1596,0.8732,4.6628,1.1575,4.2807,25.714000000000002,1.9558,7.3801,10.1713
2018-06-18,323.02,1.1613,0.87655,4.6658,1.1554,4.2876,25.739,1.9558,7.3795,10.2223
2018-06-19,324.33,1.1534,0.8769299999999999,4.668,1.1501,4.3143,25.811,1.9558,7.386,10.3227
2018-06-20,324.15,1.1578,0.8787799999999999,4.6695,1.1537,4.3152,25.835,1.9558,7.3836,10.2755
2018-06-21,326.15,1.1538,0.8737,4.6723,1.1496,4.3256,25.863000000000003,1.9558,7.379,10.3248
2018-06-22,324.05,1.1648,0.8766299999999999,4.6663,1.1534,4.3148,25.791999999999998,1.9558,7.3788,10.295
2018-06-25,325.42,1.17,0.8804,4.669,1.1549,4.337,25.935,1.9558,7.3825,10.3623
2018-06-26,326.0,1.1672,0.8816,4.6669,1.1543,4.341,25.9,1.9558,7.381,10.3383
2018-06-27,326.8,1.1616,0.8817299999999999,4.6553,1.1536,4.3363,25.776999999999997,1.9558,7.3806,10.3503
2018-06-28,328.07,1.1583,0.8852,4.6584,1.1556,4.3631,26.000999999999998,1.9558,7.382000000000001,10.4191
2018-06-29,329.77,1.1658,0.88605,4.6631,1.1569,4.3732,26.02,1.9558,7.386,10.453
2018-07-02,329.81,1.1639,0.8865,4.6578,1.1563,4.3893,25.998,1.9558,7.3846,10.449000000000002
2018-07-03,327.35,1.1665,0.8835,4.6615,1.1573,4.3915,26.073,1.9558,7.3845,10.3123
2018-07-04,325.65,1.1642,0.88108,4.6656,1.1557,4.379,26.028000000000002,1.9558,7.394,10.251
2018-07-05,322.95,1.1709,0.8831,4.6625,1.1613,4.3577,25.938000000000002,1.9558,7.397,10.2363
2018-07-06,324.35,1.1724,0.88595,4.6608,1.1634,4.3675,25.941999999999997,1.9558,7.4065,10.290999999999999
2018-07-09,322.74,1.1789,0.88345,4.6585,1.1646,4.3204,25.858,1.9558,7.4113,10.2548
2018-07-10,324.84,1.1713,0.8833799999999999,4.6585,1.1649,4.3208,25.898000000000003,1.9558,7.398,10.2438
2018-07-11,324.66,1.1735,0.88482,4.6602,1.1653,4.3214,25.929000000000002,1.9558,7.396,10.2745
2018-07-12,325.28,1.1658,0.8826299999999999,4.6588,1.1642,4.3272,25.938000000000002,1.9558,7.3975,10.335
2018-07-13,324.06,1.1643,0.8848799999999999,4.6578,1.1704,4.321000000000001,25.924,1.9558,7.3963,10.376
2018-07-16,322.14,1.172,0.8827,4.6558,1.1696,4.3013,25.883000000000003,1.9558,7.3945,10.3333
2018-07-17,323.35,1.1707,0.88725,4.6617,1.1648,4.3007,25.875,1.9558,7.3915,10.3003
2018-07-18,323.94,1.1611,0.89118,4.656000000000001,1.1611,4.3103,25.853,1.9558,7.3928,10.312000000000001
2018-07-19,325.77,1.1588,0.8929799999999999,4.6575,1.1622,4.328,25.92,1.9558,7.3938,10.3565
2018-07-20,325.63,1.167,0.89445,4.6523,1.1633,4.3229,25.875,1.9558,7.3956,10.3908
2018-07-23,326.02,1.1716,0.8917,4.6464,1.1614,4.32,25.848000000000003,1.9558,7.3978,10.3488
2018-07-24,326.64,1.1706,0.8917799999999999,4.6398,1.1626,4.3179,25.761,1.9558,7.3975,10.3278
2018-07-25,325.92,1.169,0.88855,4.6275,1.1598,4.2996,25.675,1.9558,7.402,10.2925
2018-07-26,324.43,1.1716,0.8886,4.6318,1.1616,4.2835,25.647,1.9558,7.4025,10.2738
2018-07-27,323.15,1.1625,0.88823,4.629,1.1597,4.2918,25.622,1.9558,7.4008,10.300999999999998
2018-07-30,322.02,1.1684,0.8907,4.6238,1.1598,4.2773,25.624000000000002,1.9558,7.4005,10.2503
2018-07-31,320.43,1.1736,0.8922,4.6255,1.1592,4.277,25.598000000000003,1.9558,7.402,10.257
2018-08-01,321.36,1.1696,0.8904,4.624,1.1589,4.272,25.59,1.9558,7.402,10.2995
2018-08-02,321.83,1.1617,0.89145,4.6227,1.155,4.282,25.589000000000002,1.9558,7.4068,10.3003
2018-08-03,320.75,1.1588,0.8905,4.6202,1.1528,4.2612,25.656999999999996,1.9558,7.4068,10.3193
2018-08-06,320.54,1.1543,0.8928,4.6272,1.1513,4.2731,25.65,1.9558,7.417999999999999,10.304
2018-08-07,319.94,1.1602,0.8948299999999999,4.6433,1.153,4.2523,25.605999999999998,1.9558,7.4176,10.3245
2018-08-08,319.26,1.1589,0.90085,4.643,1.1544,4.2597,25.578000000000003,1.9558,7.432,10.3878
2018-08-09,320.2,1.1593,0.8994,4.6491,1.1512,4.2739,25.57,1.9558,7.4383,10.3875
2018-08-10,322.77,1.1456,0.89675,4.6583,1.1391,4.2911,25.635,1.9558,7.4333,10.4258
2018-08-13,323.9,1.1403,0.8933,4.6588,1.1338,4.2965,25.656,1.9558,7.4270000000000005,10.4093
2018-08-14,322.74,1.1406,0.893,4.6565,1.1298,4.2993,25.691999999999997,1.9558,7.4248,10.3718
2018-08-15,324.93,1.1321,0.8913,4.6553,1.1289,4.3284,25.705,1.9558,7.4218,10.4033
2018-08-16,324.51,1.137,0.8949799999999999,4.6603,1.1299,4.3142,25.701999999999998,1.9558,7.4225,10.4663
2018-08-17,323.88,1.1391,0.89575,4.6558,1.1338,4.3115,25.729,1.9558,7.4225,10.4935
2018-08-20,323.53,1.1420000000000001,0.8947799999999999,4.649,1.1366,4.3037,25.706,1.9558,7.417000000000001,10.4918
2018-08-21,323.43,1.1502,0.8974,4.6415,1.1372,4.3081,25.737,1.9558,7.4195,10.5118
2018-08-22,322.94,1.1616,0.89928,4.6485,1.1401,4.2821,25.725,1.9558,7.4295,10.5075
2018-08-23,323.82,1.1579,0.8987799999999999,4.638,1.1383,4.2782,25.713,1.9558,7.4373,10.5183
2018-08-24,324.3,1.1588,0.902,4.6393,1.1398,4.2788,25.744,1.9558,7.4385,10.5843
2018-08-27,323.87,1.1633,0.90365,4.6423,1.1428,4.271,25.744,1.9558,7.4375,10.6095
2018-08-28,323.79,1.171,0.9068,4.6464,1.1427,4.2723,25.713,1.9558,7.4325,10.6633
2018-08-29,324.63,1.166,0.905,4.6417,1.1385,4.2838,25.745,1.9558,7.437,10.6923
2018-08-30,326.32,1.1692,0.8975799999999999,4.6437,1.1339,4.2882,25.749000000000002,1.9558,7.4405,10.644
2018-08-31,326.25,1.1651,0.8974,4.6437,1.1281,4.2913,25.735,1.9558,7.438,10.6205
2018-09-03,326.58,1.1609,0.9015799999999999,4.6338,1.1268,4.2952,25.749000000000002,1.9558,7.4328,10.5806
2018-09-04,327.51,1.1562,0.9005799999999999,4.6328,1.1261,4.3046,25.728,1.9558,7.4303,10.5645
2018-09-05,327.81,1.1582,0.90328,4.6378,1.1288,4.3249,25.746,1.9558,7.43,10.5408
2018-09-06,326.49,1.1634,0.8982399999999999,4.6385,1.1275,4.3183,25.715,1.9558,7.4341,10.5908
2018-09-07,324.65,1.1615,0.89275,4.6413,1.1217,4.3081,25.697,1.9558,7.4253,10.5163
2018-09-10,325.08,1.1571,0.8934,4.6308,1.1267,4.3169,25.648000000000003,1.9558,7.4203,10.4683
2018-09-11,324.77,1.1574,0.8906799999999999,4.6323,1.1276,4.3094,25.646,1.9558,7.4205,10.485
2018-09-12,325.73,1.1585,0.89028,4.638,1.1277,4.3099,25.59,1.9558,7.435,10.474
2018-09-13,325.11,1.162,0.89,4.6388,1.1265,4.3098,25.52,1.9558,7.436,10.446
2018-09-14,323.63,1.1689,0.89228,4.6467,1.1274,4.3049,25.473000000000003,1.9558,7.4333,10.546
2018-09-17,324.5,1.1671,0.88875,4.6431,1.1236,4.2955,25.456999999999997,1.9558,7.4298,10.4527
2018-09-18,323.82,1.1697,0.8896299999999999,4.6492,1.1245,4.3008,25.448,1.9558,7.4295,10.4179
2018-09-19,323.39,1.1667,0.88813,4.6523,1.1304,4.2951,25.434,1.9558,7.4285,10.3878
2018-09-20,323.75,1.1769,0.8859,4.6545,1.1312,4.2925,25.56,1.9558,7.4265,10.335
2018-09-21,324.05,1.1759,0.894,4.6581,1.1228,4.2946,25.585,1.9558,7.4278,10.3315
2018-09-24,323.49,1.1773,0.8945799999999999,4.6579,1.129,4.3009,25.615,1.9558,7.4265,10.3563
2018-09-25,324.08,1.1777,0.89425,4.6618,1.1376,4.293,25.613000000000003,1.9558,7.4285,10.3515
2018-09-26,323.85,1.1737,0.8908,4.6611,1.1369,4.2826,25.605,1.9558,7.4275,10.3763
2018-09-27,323.7,1.1707,0.8897299999999999,4.6701,1.1371,4.2779,25.715,1.9558,7.4318,10.3208
2018-09-28,324.37,1.1576,0.8873,4.6638,1.1316,4.2774,25.730999999999998,1.9558,7.4346,10.309000000000001
2018-10-01,323.04,1.1606,0.8907799999999999,4.6605,1.1414,4.2796,25.765,1.9558,7.433,10.33
2018-10-02,323.47,1.1543,0.8904299999999999,4.6671,1.1354,4.2907,25.788,1.9558,7.4316,10.3815
2018-10-03,322.87,1.1548,0.88895,4.6648,1.1412,4.2956,25.779,1.9558,7.4270000000000005,10.3795
2018-10-04,324.43,1.1502,0.8858,4.6723,1.1409,4.3071,25.78,1.9558,7.4239999999999995,10.4015
2018-10-05,324.59,1.1506,0.88165,4.6708,1.1433,4.3045,25.741999999999997,1.9558,7.4225,10.4438
2018-10-08,324.94,1.1478,0.8801,4.6675,1.1396,4.3081,25.737,1.9558,7.4225,10.4463
2018-10-09,325.29,1.1435,0.8768,4.6675,1.1381,4.3155,25.805,1.9558,7.42,10.4445
2018-10-10,325.05,1.15,0.8744799999999999,4.664,1.1412,4.3096,25.807,1.9558,7.41,10.48
2018-10-11,324.97,1.1575,0.8749,4.6673,1.143,4.3167,25.848000000000003,1.9558,7.417000000000001,10.412
2018-10-12,324.15,1.1574,0.8764,4.6613,1.147,4.2936,25.776999999999997,1.9558,7.4115,10.3593
2018-10-15,323.45,1.1581,0.88045,4.6673,1.1428,4.2942,25.798000000000002,1.9558,7.4135,10.392000000000001
2018-10-16,322.06,1.1587,0.8759299999999999,4.668,1.1444,4.289,25.820999999999998,1.9558,7.4168,10.3165
2018-10-17,322.55,1.153,0.87945,4.6658,1.1453,4.294,25.843000000000004,1.9558,7.4165,10.3148
2018-10-18,322.42,1.1505,0.8784299999999999,4.6683,1.1451,4.2989,25.863000000000003,1.9558,7.421,10.333
2018-10-19,323.2,1.147,0.8802,4.6665,1.1421,4.3017,25.866999999999997,1.9558,7.4295,10.3358
2018-10-22,323.12,1.1494,0.88425,4.6669,1.1456,4.2905,25.848000000000003,1.9558,7.4325,10.331
2018-10-23,322.81,1.1478,0.88103,4.667,1.1424,4.296,25.814,1.9558,7.4275,10.3606
2018-10-24,323.22,1.1389,0.88233,4.659,1.1373,4.3053,25.833000000000002,1.9558,7.4273,10.359000000000002
2018-10-25,323.91,1.1416,0.88533,4.6647,1.1407,4.3094,25.831,1.9558,7.4319,10.392999999999999
2018-10-26,324.41,1.1345,0.8868,4.6606,1.1367,4.3177,25.86,1.9558,7.4325,10.4025
2018-10-29,324.4,1.1381,0.8878799999999999,4.6647,1.1384,4.3182,25.849,1.9558,7.4316,10.390999999999998
2018-10-30,324.95,1.1372,0.8914799999999999,4.667,1.1386,4.3307,25.87,1.9558,7.4315,10.42
2018-10-31,325.1,1.1318,0.8887299999999999,4.6643,1.1399,4.3392,25.921999999999997,1.9558,7.4325,10.4015
2018-11-01,322.96,1.1393,0.8817299999999999,4.664,1.143,4.3269,25.879,1.9558,7.436,10.3158
2018-11-02,321.62,1.1417,0.8787,4.6612,1.1422,4.3202,25.781999999999996,1.9558,7.4393,10.3123
2018-11-05,322.44,1.137,0.87535,4.6608,1.1437,4.3126,25.846,1.9558,7.4383,10.3268
2018-11-06,322.06,1.1428,0.87313,4.6647,1.146,4.3088,25.833000000000002,1.9558,7.4383,10.347000000000001
2018-11-07,321.76,1.1487,0.87403,4.6621,1.1444,4.294,25.88,1.9558,7.4338,10.3313
2018-11-08,321.44,1.1424,0.8716299999999999,4.6602,1.1456,4.2915,25.886999999999997,1.9558,7.4315,10.2528
2018-11-09,321.31,1.1346,0.8705299999999999,4.657,1.1414,4.288,25.936,1.9558,7.43,10.2648
2018-11-12,321.72,1.1265,0.8756299999999999,4.6575,1.1368,4.2968,25.941999999999997,1.9558,7.4270000000000005,10.2705
2018-11-13,322.89,1.1261,0.86945,4.6612,1.1368,4.2992,25.939,1.9558,7.4238,10.2284
2018-11-14,322.68,1.1296,0.8704799999999999,4.6601,1.1395,4.2911,25.994,1.9558,7.422999999999999,10.2685
2018-11-15,321.99,1.1305,0.8837,4.665,1.1365,4.2933,25.985,1.9558,7.4270000000000005,10.2553
2018-11-16,321.93,1.1346,0.8835,4.6648,1.1431,4.3154,25.985,1.9558,7.428,10.262
2018-11-19,321.65,1.1427,0.8908299999999999,4.6666,1.1391,4.3293,26.013,1.9558,7.4253,10.2815
2018-11-20,321.25,1.1421,0.88908,4.6673,1.1328,4.3177,26.031999999999996,1.9558,7.4277,10.3133
2018-11-21,321.63,1.1409,0.8910799999999999,4.6632,1.1341,4.2995,26.002,1.9558,7.4318,10.3143
2018-11-22,321.52,1.1403,0.8859799999999999,4.6593,1.1351,4.3004,25.99,1.9558,7.4285,10.3035
2018-11-23,322.03,1.1352,0.8848,4.6577,1.1316,4.2949,25.954,1.9558,7.4324,10.3043
2018-11-26,322.9,1.1363,0.8844,4.6588,1.1332,4.292,25.918000000000003,1.9558,7.4305,10.293
2018-11-27,324.06,1.1328,0.8874799999999999,4.6583,1.1309,4.2902,25.914,1.9558,7.4275,10.2823
2018-11-28,324.37,1.1284,0.88245,4.659,1.1273,4.2953,25.930999999999997,1.9558,7.4159,10.2544
2018-11-29,323.42,1.1387,0.89135,4.6531,1.1324,4.2916,25.967,1.9558,7.416,10.317
2018-11-30,323.62,1.1359,0.8906799999999999,4.6598,1.1340000000000001,4.29,25.956999999999997,1.9558,7.4055,10.3195
2018-12-03,322.76,1.1332,0.8915,4.6539,1.1323,4.2809,25.921,1.9558,7.4038,10.2355
2018-12-04,323.2,1.1409,0.8905799999999999,4.6514,1.1348,4.2823,25.901,1.9558,7.4015,10.2293
2018-12-05,323.49,1.1354,0.88885,4.6528,1.1328,4.2826,25.886,1.9558,7.399,10.1753
2018-12-06,323.75,1.1351,0.8893,4.6548,1.1304,4.2881,25.89,1.9558,7.3965,10.2355
2018-12-07,323.5,1.1371,0.89085,4.6485,1.1299,4.2895,25.851,1.9558,7.3913,10.2665
2018-12-10,323.15,1.1425,0.90245,4.6502,1.1295,4.2921,25.866,1.9558,7.3870000000000005,10.333
2018-12-11,323.4,1.1379,0.90228,4.6557,1.1248,4.2983,25.845,1.9558,7.3943,10.297
2018-12-12,323.43,1.1346,0.90135,4.6571,1.1286,4.2986,25.866,1.9558,7.3895,10.3595
2018-12-13,323.14,1.1371,0.89848,4.6515,1.1287,4.2925,25.829,1.9558,7.3935,10.302
2018-12-14,323.93,1.1285,0.89835,4.6558,1.1254,4.2974,25.794,1.9558,7.3905,10.261
2018-12-17,323.32,1.1341,0.8989,4.655,1.1254,4.2835,25.801,1.9558,7.4028,10.2725
2018-12-18,323.11,1.1377,0.89715,4.6467,1.1281,4.2848,25.753,1.9558,7.4048,10.276
2018-12-19,322.9,1.1405,0.9031799999999999,4.6655,1.1328,4.2833,25.765,1.9558,7.419,10.3393
2018-12-20,321.83,1.1451,0.90335,4.6573,1.1331,4.2876,25.76,1.9558,7.4265,10.253
2018-12-21,321.97,1.1414,0.90215,4.6389,1.1312,4.2851,25.855,1.9558,7.4216,10.2733
2018-12-24,321.0,1.1408,0.90038,4.6428,1.1312,4.2848,25.916,1.9558,7.422000000000001,10.3428
2018-12-27,321.56,1.1377,0.9007299999999999,4.6536,1.1279,4.2945,25.858,1.9558,7.4125,10.2725
2018-12-28,321.61,1.1454,0.9027299999999999,4.663,1.1227,4.3028,25.778000000000002,1.9558,7.4095,10.2773
2018-12-31,320.98,1.145,0.8945299999999999,4.6635,1.1269,4.3014,25.724,1.9558,7.4125,10.2548
2019-01-02,322.37,1.1397,0.90165,4.66,1.1239,4.2964,25.752,1.9558,7.4205,10.2145
2019-01-03,322.41,1.1348,0.90312,4.666,1.1219,4.2975,25.683000000000003,1.9558,7.4325,10.2808
2019-01-04,321.45,1.1403,0.8998799999999999,4.6656,1.1256,4.2957,25.653000000000002,1.9558,7.4335,10.245999999999999
2019-01-07,321.11,1.1445,0.8972,4.6625,1.1227,4.2908,25.572,1.9558,7.428999999999999,10.2235
2019-01-08,322.15,1.1440000000000001,0.89743,4.671,1.1232,4.3055,25.642,1.9558,7.4296,10.1855
2019-01-09,321.85,1.1455,0.8991299999999999,4.6737,1.123,4.2968,25.629,1.9558,7.4281,10.2268
2019-01-10,321.16,1.1535,0.90423,4.6813,1.1276,4.2959,25.625999999999998,1.9558,7.4255,10.2303
2019-01-11,321.6,1.1533,0.90015,4.6763,1.1327,4.2973,25.605999999999998,1.9558,7.432,10.2338
2019-01-14,321.33,1.1467,0.8926299999999999,4.6815,1.1258,4.2925,25.561,1.9558,7.4325,10.2493
2019-01-15,322.8,1.1424,0.89025,4.6831,1.1266,4.293,25.572,1.9558,7.4265,10.2403
2019-01-16,321.58,1.1389,0.8859,4.685,1.1269,4.2877,25.564,1.9558,7.4268,10.2488
2019-01-17,320.07,1.1396,0.8826,4.689,1.1312,4.2835,25.537,1.9558,7.4273,10.2858
2019-01-18,318.09,1.1402,0.88125,4.6993,1.1331,4.2931,25.58,1.9558,7.4295,10.2515
2019-01-21,317.71,1.1362,0.88303,4.711,1.1343,4.2911,25.593000000000004,1.9558,7.4268,10.2515
2019-01-22,317.98,1.1354,0.88,4.7292,1.1326,4.2827,25.612,1.9558,7.4265,10.2538
2019-01-23,318.12,1.1367,0.87213,4.7575,1.1335,4.2887,25.693,1.9558,7.4365,10.245
2019-01-24,318.42,1.1341,0.87085,4.7722,1.1283,4.2881,25.695,1.9558,7.4356,10.2843
2019-01-25,318.26,1.1346,0.8658,4.7688,1.131,4.291,25.697,1.9558,7.4315,10.298
2019-01-28,317.53,1.1418,0.8688799999999999,4.7646,1.1331,4.2861,25.726,1.9558,7.4273,10.3503
2019-01-29,317.21,1.1422,0.86735,4.7562,1.1352,4.2976,25.747,1.9558,7.4233,10.3508
2019-01-30,316.53,1.1429,0.87341,4.7551,1.1403,4.2905,25.802,1.9558,7.4235,10.3843
2019-01-31,315.88,1.1488,0.8757799999999999,4.7271,1.1409,4.2736,25.76,1.9558,7.4238,10.373
2019-02-01,317.63,1.1471,0.8788799999999999,4.7557,1.1396,4.2739,25.695,1.9558,7.415,10.3878
2019-02-04,317.8,1.1445,0.8767799999999999,4.756,1.1421,4.2816,25.728,1.9558,7.4155,10.4113
2019-02-05,317.41,1.1423,0.87803,4.7455,1.1436,4.2872,25.697,1.9558,7.412000000000001,10.3998
2019-02-06,318.63,1.1394,0.8787,4.7429,1.1394,4.2923,25.781,1.9558,7.4149,10.4258
2019-02-07,319.29,1.1345,0.8775,4.7399,1.1357,4.3022,25.809,1.9558,7.4124,10.472999999999999
2019-02-08,318.33,1.1346,0.8749,4.7485,1.1357,4.3064,25.805999999999997,1.9558,7.4075,10.4973
2019-02-11,319.66,1.1309,0.87615,4.7405,1.1351,4.3158,25.836,1.9558,7.4075,10.4858
2019-02-12,317.79,1.1296,0.87705,4.7414,1.1381,4.3259,25.871,1.9558,7.4079999999999995,10.4725
2019-02-13,318.23,1.1305,0.8755299999999999,4.7433,1.1371,4.3285,25.795,1.9558,7.4045,10.4083
2019-02-14,319.07,1.1268,0.87945,4.7439,1.137,4.3382,25.79,1.9558,7.4063,10.4775
2019-02-15,318.21,1.126,0.8793799999999999,4.7407,1.1340000000000001,4.3307,25.709,1.9558,7.4079999999999995,10.4813
2019-02-18,318.01,1.1328,0.8762,4.7405,1.1361,4.3292,25.715,1.9558,7.4125,10.4685
2019-02-19,318.46,1.1294,0.87185,4.7492,1.1351,4.3347,25.717,1.9558,7.412999999999999,10.6
2019-02-20,317.33,1.1342,0.86945,4.7567,1.1342,4.3445,25.679000000000002,1.9558,7.4135,10.5703
2019-02-21,317.24,1.1354,0.86805,4.7565,1.1367,4.3346,25.648000000000003,1.9558,7.4155,10.6188
2019-02-22,318.03,1.1325,0.8726299999999999,4.7611,1.1346,4.337,25.666999999999998,1.9558,7.422999999999999,10.5998
2019-02-25,317.62,1.1355,0.8682799999999999,4.7643,1.1351,4.336,25.653000000000002,1.9558,7.428999999999999,10.5793
2019-02-26,317.06,1.1361,0.86055,4.7626,1.1371,4.3282,25.663,1.9558,7.4275,10.5858
2019-02-27,316.39,1.1386,0.85503,4.7388,1.1354,4.3146,25.660999999999998,1.9558,7.4285,10.5443
2019-02-28,315.96,1.1416,0.85835,4.7434,1.1335,4.3089,25.601,1.9558,7.4275,10.4844
2019-03-01,316.06,1.1383,0.8596799999999999,4.7431,1.1363,4.3096,25.636,1.9558,7.432,10.5003
2019-03-04,315.84,1.1337,0.85775,4.7412,1.1352,4.2989,25.621,1.9558,7.4325,10.5543
2019-03-05,315.61,1.1329,0.8635799999999999,4.7489,1.1341,4.3016,25.623,1.9558,7.4228,10.5523
2019-03-06,315.51,1.1305,0.8597,4.7463,1.136,4.2996,25.592,1.9558,7.421,10.5375
2019-03-07,315.36,1.1271,0.8588,4.7415,1.1355,4.2991,25.61,1.9558,7.4158,10.5625
2019-03-08,315.95,1.1222,0.85905,4.7448,1.1324,4.3002,25.641,1.9558,7.4122,10.6316
2019-03-11,315.84,1.1244,0.8624,4.7491,1.1349,4.2994,25.656,1.9558,7.412999999999999,10.5802
2019-03-12,315.35,1.1275,0.86145,4.7593,1.1369,4.2994,25.666999999999998,1.9558,7.4155,10.5715
2019-03-13,314.6,1.1303,0.8588,4.7737,1.1373,4.2993,25.668000000000003,1.9558,7.4175,10.554
2019-03-14,314.43,1.1295,0.8522799999999999,4.765,1.1351,4.3032,25.668000000000003,1.9558,7.4214,10.5373
2019-03-15,314.35,1.1308,0.85415,4.7565,1.136,4.3049,25.668000000000003,1.9558,7.419,10.4964
2019-03-18,314.38,1.1349,0.8566,4.7543,1.136,4.2979,25.616,1.9558,7.4148,10.4643
2019-03-19,313.22,1.1358,0.8554799999999999,4.7585,1.1353,4.2879,25.604,1.9558,7.4168,10.4485
2019-03-20,313.29,1.1354,0.8628,4.7615,1.1338,4.2834,25.646,1.9558,7.4178,10.431
2019-03-21,314.57,1.1387,0.8665,4.7565,1.1309,4.2807,25.648000000000003,1.9558,7.417999999999999,10.4288
2019-03-22,316.23,1.1302,0.8589,4.7505,1.1243,4.2913,25.726999999999997,1.9558,7.4178,10.4723
2019-03-25,316.84,1.1325,0.8563799999999999,4.7553,1.1237,4.2953,25.759,1.9558,7.417000000000001,10.445
2019-03-26,316.1,1.1291,0.8533,4.758,1.1222,4.2934,25.769000000000002,1.9558,7.4188,10.4263
2019-03-27,319.97,1.1261,0.8511799999999999,4.7627,1.1196,4.2936,25.796999999999997,1.9558,7.425,10.4298
2019-03-28,319.86,1.1218,0.85555,4.7591,1.1185,4.295,25.785999999999998,1.9558,7.43,10.475999999999999
2019-03-29,321.05,1.1235,0.8583,4.7608,1.1181,4.3006,25.802,1.9558,7.4338,10.398
2019-04-01,321.04,1.1236,0.8565799999999999,4.7626,1.1179999999999999,4.2989999999999995,25.791,1.9558,7.4268,10.42
2019-04-02,321.68,1.12,0.86,4.7618,1.1195,4.2953,25.753,1.9558,7.4298,10.4418
2019-04-03,320.05,1.1243,0.8539,4.7555,1.1206,4.293,25.724,1.9558,7.428999999999999,10.43
2019-04-04,319.81,1.1219,0.8541799999999999,4.7495,1.1207,4.2892,25.693,1.9558,7.432,10.4075
2019-04-05,320.75,1.1233,0.8593799999999999,4.7513,1.1235,4.2897,25.613000000000003,1.9558,7.4235,10.425999999999998
2019-04-08,321.54,1.1246,0.8618299999999999,4.7512,1.1245,4.2887,25.634,1.9558,7.4318,10.4325
2019-04-09,321.5,1.1277,0.86335,4.761,1.127,4.287,25.618000000000002,1.9558,7.4342,10.425
2019-04-10,321.84,1.1279,0.8608299999999999,4.7605,1.128,4.2833,25.608,1.9558,7.4253,10.44
2019-04-11,321.71,1.1264,0.8616799999999999,4.7593,1.1304,4.283,25.605999999999998,1.9558,7.4385,10.437000000000001
2019-04-12,321.9,1.1321,0.8629,4.7598,1.1326,4.2796,25.623,1.9558,7.435,10.4788
2019-04-15,320.25,1.1313,0.86305,4.7618,1.1345,4.2742,25.625,1.9558,7.436,10.4608
2019-04-16,319.78,1.1305,0.8639,4.7618,1.1371,4.2744,25.663,1.9558,7.437,10.4638
2019-04-17,319.69,1.1301,0.86593,4.7625,1.14,4.2731,25.656999999999996,1.9558,7.4375,10.4408
2019-04-18,320.09,1.125,0.8647,4.7618,1.1383,4.2786,25.682,1.9558,7.435,10.475999999999999
2019-04-23,320.85,1.1245,0.8645,4.7611,1.147,4.2864,25.743000000000002,1.9558,7.4245,10.507
2019-04-24,321.0,1.1209,0.86545,4.7559,1.1416,4.2896,25.729,1.9558,7.4218,10.501
2019-04-25,322.41,1.1123,0.86435,4.7586,1.1368,4.295,25.737,1.9558,7.4185,10.6295
2019-04-26,322.11,1.1133,0.8634,4.7597,1.1372,4.2878,25.705,1.9558,7.4165,10.5738
2019-04-29,322.64,1.115,0.8634,4.7517,1.1379,4.2944,25.682,1.9558,7.4173,10.6113
2019-04-30,322.97,1.1218,0.8624799999999999,4.7596,1.1437,4.2868,25.659000000000002,1.9558,7.412999999999999,10.635
2019-05-02,324.0,1.1212,0.8593,4.7583,1.1419,4.28,25.648000000000003,1.9558,7.4143,10.685
2019-05-03,323.38,1.1155,0.85785,4.7553,1.1383,4.2853,25.712,1.9558,7.4143,10.7043
2019-05-06,323.43,1.1199,0.8547,4.7555,1.1403,4.2832,25.715,1.9558,7.4124,10.7258
2019-05-07,324.3,1.1185,0.85645,4.758,1.1415,4.2862,25.730999999999998,1.9558,7.41,10.7145
2019-05-08,324.18,1.1202,0.86095,4.7598,1.1407,4.2912,25.726999999999997,1.9558,7.4093,10.7494
2019-05-09,323.33,1.1193,0.8612,4.7615,1.139,4.2934,25.718000000000004,1.9558,7.4085,10.7973
2019-05-10,323.52,1.123,0.8625,4.7598,1.1378,4.296,25.732,1.9558,7.409,10.8108
2019-05-13,323.71,1.1245,0.8635,4.7606,1.1319,4.3048,25.776,1.9558,7.4093,10.8323
2019-05-14,324.23,1.1226,0.86723,4.7615,1.1307,4.3061,25.750999999999998,1.9558,7.4113,10.779000000000002
2019-05-15,325.15,1.1183,0.8682,4.7615,1.1276,4.3094,25.76,1.9558,7.4183,10.7688
2019-05-16,324.28,1.1203,0.8746299999999999,4.762,1.1306,4.2962,25.695999999999998,1.9558,7.4245,10.759
2019-05-17,326.38,1.1172,0.87595,4.7626,1.1283,4.3031,25.753,1.9558,7.4293,10.765999999999998
2019-05-20,325.77,1.1167,0.8762,4.7597,1.1263,4.2968,25.766,1.9558,7.4268,10.7668
2019-05-21,326.52,1.1161,0.8761,4.7633,1.1274,4.306,25.775,1.9558,7.4265,10.7743
2019-05-22,326.54,1.1171,0.8828,4.7625,1.1252,4.3038,25.793000000000003,1.9558,7.426,10.76
2019-05-23,326.95,1.1139,0.8809999999999999,4.7606,1.1224,4.3064,25.820999999999998,1.9558,7.4265,10.7373
2019-05-24,325.95,1.1187,0.88318,4.7619,1.1215,4.2974,25.83,1.9558,7.4258,10.7098
2019-05-27,325.75,1.1198,0.88225,4.7604,1.1257,4.2935,25.834,1.9558,7.422999999999999,10.7148
2019-05-28,326.6,1.1192,0.8837299999999999,4.7623,1.1254,4.2951,25.843000000000004,1.9558,7.4255,10.6865
2019-05-29,326.47,1.1156,0.88225,4.7604,1.1217,4.2998,25.861,1.9558,7.4245,10.7063
2019-05-30,324.74,1.1134,0.8817799999999999,4.7553,1.1228,4.2887,25.840999999999998,1.9558,7.422000000000001,10.6323
2019-05-31,324.34,1.1151,0.8869299999999999,4.743,1.1214,4.2843,25.816,1.9558,7.4185,10.639000000000001
2019-06-03,323.73,1.1185,0.88618,4.7377,1.1162,4.2833,25.831999999999997,1.9558,7.417999999999999,10.618
2019-06-04,322.0,1.1244,0.88738,4.7353,1.1178,4.2802,25.744,1.9558,7.421,10.626
2019-06-05,321.51,1.1257,0.88631,4.7243,1.1163,4.2778,25.656999999999996,1.9558,7.4155,10.6255
2019-06-06,321.3,1.1266,0.8855799999999999,4.7221,1.1174,4.2788,25.663,1.9558,7.4215,10.6175
2019-06-07,321.53,1.1273,0.88675,4.7216,1.1191,4.2714,25.642,1.9558,7.4176,10.6562
2019-06-10,320.21,1.1301,0.8924799999999999,4.7196,1.12,4.2639,25.625999999999998,1.9558,7.4163,10.6455
2019-06-11,320.5,1.1320000000000001,0.89085,4.7252,1.1233,4.2678,25.64,1.9558,7.414,10.6828
2019-06-12,321.43,1.1323,0.88805,4.725,1.1252,4.2608,25.614,1.9558,7.412999999999999,10.68
2019-06-13,322.0,1.1289,0.8894799999999999,4.7221,1.1207,4.2574,25.581,1.9558,7.4128,10.6968
2019-06-14,321.53,1.1265,0.8909299999999999,4.7233,1.1211,4.2534,25.54,1.9558,7.4105,10.639000000000001
2019-06-17,322.29,1.1234,0.8920799999999999,4.728,1.1214,4.2605,25.56,1.9558,7.4055,10.6495
2019-06-18,322.31,1.1187,0.8940299999999999,4.7232,1.1175,4.2592,25.609,1.9558,7.4055,10.6413
2019-06-19,323.97,1.1207,0.8902,4.7275,1.1176,4.2669999999999995,25.635,1.9558,7.4023,10.6868
2019-06-20,323.58,1.1307,0.89155,4.7262,1.1142,4.2556,25.619,1.9558,7.4035,10.6348
2019-06-21,323.97,1.1316,0.89425,4.7239,1.1107,4.2584,25.609,1.9558,7.4013,10.6308
2019-06-24,324.29,1.1394,0.89365,4.7181,1.1109,4.2545,25.601,1.9558,7.3965,10.6078
2019-06-25,324.49,1.1388,0.89485,4.7184,1.1108,4.2563,25.557,1.9558,7.3945,10.532
2019-06-26,323.5,1.1362,0.8960299999999999,4.7219999999999995,1.1113,4.2627,25.486,1.9558,7.3956,10.5435
2019-06-27,323.64,1.137,0.89428,4.7223,1.1121,4.2515,25.434,1.9558,7.3955,10.5488
2019-06-28,323.39,1.138,0.89655,4.7343,1.1105,4.2496,25.447,1.9558,7.3973,10.5633
2019-07-01,322.9,1.1349,0.89718,4.7327,1.1141,4.2427,25.478,1.9558,7.397,10.545
2019-07-02,322.91,1.1301,0.89443,4.7331,1.1169,4.2429,25.462,1.9558,7.3965,10.5565
2019-07-03,322.44,1.1293,0.8975,4.7349,1.1116,4.2428,25.458000000000002,1.9558,7.3955,10.5155
2019-07-04,322.82,1.1288,0.8973,4.7188,1.112,4.2439,25.434,1.9558,7.3985,10.5208
2019-07-05,323.41,1.126,0.8970299999999999,4.7246,1.1126,4.2449,25.471,1.9558,7.3975,10.5575
2019-07-08,324.66,1.1215,0.89625,4.72,1.1127,4.253,25.509,1.9558,7.3955,10.5973
2019-07-09,325.46,1.1205,0.89975,4.7265,1.1137,4.263,25.543000000000003,1.9558,7.3954,10.6338
2019-07-10,325.9,1.122,0.89928,4.7335,1.1133,4.2738,25.565,1.9558,7.3935,10.6093
2019-07-11,325.83,1.1285,0.8979,4.734,1.1114,4.2681,25.605,1.9558,7.394,10.5808
2019-07-12,325.78,1.1253,0.8978799999999999,4.7322,1.1087,4.2675,25.59,1.9558,7.3938,10.5515
2019-07-15,325.66,1.1269,0.8987299999999999,4.7333,1.1071,4.2622,25.569000000000003,1.9558,7.3935,10.5563
2019-07-16,325.85,1.1223,0.9026,4.7316,1.1075,4.2555,25.575,1.9558,7.3905,10.5405
2019-07-17,326.68,1.1215,0.9034,4.7336,1.1095,4.2641,25.603,1.9558,7.3895,10.5168
2019-07-18,326.46,1.1216,0.8985299999999999,4.7325,1.1064,4.2596,25.586,1.9558,7.3875,10.504000000000001
2019-07-19,325.36,1.1226,0.89635,4.7309,1.1033,4.2571,25.546,1.9558,7.388,10.5195
2019-07-22,324.95,1.1215,0.8996799999999999,4.7225,1.1007,4.248,25.534000000000002,1.9558,7.3875,10.544
2019-07-23,325.5,1.1173,0.8983,4.7207,1.0985,4.2497,25.549,1.9558,7.3863,10.5695
2019-07-24,325.75,1.114,0.89143,4.718999999999999,1.0982,4.2547,25.541999999999998,1.9558,7.386,10.5293
2019-07-25,325.21,1.1115,0.8896299999999999,4.7228,1.0989,4.2472,25.519000000000002,1.9558,7.3839,10.4947
2019-07-26,326.45,1.1138,0.89633,4.7263,1.1053,4.2669999999999995,25.541999999999998,1.9558,7.3845,10.5585
2019-07-29,327.23,1.1119,0.90443,4.7287,1.1037,4.2806,25.613000000000003,1.9558,7.3805,10.5773
2019-07-30,327.49,1.1154,0.91653,4.7321,1.1038,4.2912,25.65,1.9558,7.3807,10.6453
2019-07-31,326.48,1.1151,0.9162299999999999,4.7338,1.1041,4.2912,25.658,1.9558,7.3823,10.6645
2019-08-01,326.55,1.1037,0.9115,4.7322,1.0988,4.2979,25.741999999999997,1.9558,7.382999999999999,10.6868
2019-08-02,326.96,1.1106,0.91505,4.7345,1.0931,4.3014,25.763,1.9558,7.3815,10.7223
2019-08-05,326.99,1.1182,0.9188,4.7325,1.0893,4.3142,25.776,1.9558,7.3805,10.7603
2019-08-06,325.35,1.1187,0.9183,4.73,1.0919,4.3119,25.726999999999997,1.9558,7.3839999999999995,10.7267
2019-08-07,325.38,1.1202,0.92353,4.7308,1.0921,4.3174,25.719,1.9558,7.3823,10.7673
2019-08-08,325.08,1.1193,0.92115,4.73,1.0923,4.3227,25.789,1.9558,7.3814,10.753
2019-08-09,324.78,1.1198,0.9282,4.7264,1.0897,4.3191,25.828000000000003,1.9558,7.3915,10.6972
2019-08-12,324.65,1.1194,0.92615,4.725,1.0876,4.3275,25.831,1.9558,7.3908,10.7315
2019-08-13,323.98,1.1222,0.9283,4.7249,1.0853,4.3372,25.829,1.9558,7.3928,10.7088
2019-08-14,325.15,1.1188,0.9267299999999999,4.7212,1.0862,4.372,25.884,1.9558,7.3884,10.7313
2019-08-15,326.2,1.115,0.91863,4.7231,1.0863,4.3878,25.875999999999998,1.9558,7.3858,10.7305
2019-08-16,324.78,1.1076,0.91033,4.7293,1.0854,4.3381,25.734,1.9558,7.388999999999999,10.712
2019-08-19,325.76,1.1103,0.9158299999999999,4.7318,1.0884,4.3702,25.78,1.9558,7.3870000000000005,10.7268
2019-08-20,327.23,1.1076,0.9162299999999999,4.7305,1.0859999999999999,4.3552,25.796,1.9558,7.3838,10.7653
2019-08-21,327.31,1.1104,0.91545,4.728,1.0875,4.3529,25.794,1.9558,7.382999999999999,10.6983
2019-08-22,327.79,1.1083,0.9115,4.7223,1.0905,4.3643,25.784000000000002,1.9558,7.3928,10.7188
2019-08-23,328.58,1.1065,0.90453,4.7212,1.0893,4.355,25.769000000000002,1.9558,7.394,10.7165
2019-08-26,329.23,1.1116,0.9080799999999999,4.7277,1.0885,4.3622,25.791999999999998,1.9558,7.3933,10.7515
2019-08-27,328.85,1.1104,0.90435,4.732,1.0884,4.3696,25.814,1.9558,7.4003,10.705
2019-08-28,330.0,1.1083,0.90823,4.7273,1.0872,4.3874,25.844,1.9558,7.4025,10.7545
2019-08-29,330.26,1.1072,0.9053100000000001,4.7271,1.088,4.3809,25.853,1.9558,7.4035,10.779000000000002
2019-08-30,331.07,1.1036,0.90565,4.7284,1.0909,4.3812,25.914,1.9558,7.4023,10.8395
2019-09-02,331.34,1.0968,0.9082,4.7239,1.0875,4.3691,25.919,1.9558,7.4006,10.747
2019-09-03,330.68,1.0937,0.90885,4.7292,1.0829,4.3663,25.885,1.9558,7.4055,10.8128
2019-09-04,328.94,1.1018,0.90255,4.729,1.0848,4.3395,25.834,1.9558,7.4045,10.753
2019-09-05,329.47,1.1058,0.8958,4.73,1.0863,4.3399,25.853,1.9558,7.4033,10.6825
2019-09-06,330.11,1.1027,0.89635,4.7325,1.0928,4.3394,25.836,1.9558,7.4038,10.635
2019-09-09,329.93,1.1033,0.89275,4.7297,1.0923,4.3335,25.855,1.9558,7.3975,10.6598
2019-09-10,331.61,1.104,0.893,4.7334,1.0943,4.3339,25.869,1.9558,7.3938,10.7445
2019-09-11,332.4,1.1003,0.89133,4.7348,1.0934,4.3335,25.866999999999997,1.9558,7.3945,10.6563
2019-09-12,330.93,1.0963,0.8892,4.7348,1.0892,4.3304,25.824,1.9558,7.3928,10.6315
2019-09-13,331.53,1.1096,0.8909299999999999,4.7352,1.094,4.3248,25.843000000000004,1.9558,7.3945,10.6485
2019-09-16,331.92,1.1031,0.8851,4.7348,1.0932,4.3241,25.881999999999998,1.9558,7.3945,10.6703
2019-09-17,333.96,1.1026,0.88813,4.734,1.0966,4.3416,25.916,1.9558,7.397,10.699000000000002
2019-09-18,332.89,1.1053,0.8872,4.7366,1.0999,4.337,25.892,1.9558,7.398,10.7298
2019-09-19,332.77,1.1067,0.88735,4.7448,1.097,4.3386,25.892,1.9558,7.401,10.7223
2019-09-20,332.89,1.103,0.8823,4.7456,1.0942,4.3575,25.913,1.9558,7.4008,10.7113
2019-09-23,334.62,1.0985,0.8834299999999999,4.7498,1.0891,4.382,25.89,1.9558,7.4068,10.7143
2019-09-24,335.17,1.1003,0.8815299999999999,4.7484,1.0878,4.3813,25.872,1.9558,7.404,10.6763
2019-09-25,334.95,1.0982,0.8866799999999999,4.7438,1.0841,4.3915,25.866999999999997,1.9558,7.406000000000001,10.6825
2019-09-26,334.93,1.0938,0.88505,4.7481,1.0864,4.3871,25.851,1.9558,7.4063,10.6598
2019-09-27,335.54,1.0935,0.8877799999999999,4.7515,1.0859999999999999,4.3865,25.842,1.9558,7.4083,10.700999999999999
2019-09-30,334.83,1.0889,0.8857299999999999,4.7496,1.0847,4.3782,25.816,1.9558,7.4110000000000005,10.6958
2019-10-01,334.79,1.0898,0.88955,4.7511,1.0906,4.3774,25.74,1.9558,7.4111,10.8043
2019-10-02,334.05,1.0925,0.8897,4.7491,1.094,4.3698,25.739,1.9558,7.415,10.8118
2019-10-03,333.02,1.0951,0.8879,4.747,1.0957,4.34,25.739,1.9558,7.417999999999999,10.833
2019-10-04,332.76,1.0979,0.89045,4.748,1.0913,4.3245,25.741,1.9558,7.4215,10.8105
2019-10-07,333.64,1.0993,0.89155,4.7475,1.0924,4.3317,25.781,1.9558,7.4235,10.890999999999998
2019-10-08,334.57,1.0986,0.89795,4.7486,1.0898,4.3326,25.805,1.9558,7.4243,10.8703
2019-10-09,334.04,1.0981,0.8985,4.7486,1.0927,4.3236,25.823,1.9558,7.4270000000000005,10.9173
2019-10-10,333.51,1.103,0.90155,4.7523,1.0948,4.3183,25.893,1.9558,7.428,10.8415
2019-10-11,331.71,1.1043,0.87518,4.7573,1.1025,4.3057,25.807,1.9558,7.428,10.8448
2019-10-14,331.44,1.1031,0.8798299999999999,4.7546,1.0983,4.2931,25.823,1.9558,7.4315,10.8523
2019-10-15,332.38,1.1007,0.8705799999999999,4.7538,1.0977,4.2956,25.82,1.9558,7.4353,10.8225
2019-10-16,333.02,1.1025,0.8656,4.7561,1.0997,4.2955,25.758000000000003,1.9558,7.4338,10.8358
2019-10-17,331.59,1.1113,0.8684,4.7553,1.0991,4.2855,25.673000000000002,1.9558,7.4425,10.8105
2019-10-18,330.62,1.1144,0.86435,4.7565,1.0996,4.2843,25.659000000000002,1.9558,7.4418,10.7742
2019-10-21,329.98,1.1173,0.8593,4.7584,1.1002,4.2788,25.63,1.9558,7.4378,10.7311
2019-10-22,329.92,1.113,0.86065,4.7609,1.1004,4.2778,25.57,1.9558,7.4405,10.7303
2019-10-23,329.11,1.1123,0.86408,4.7603,1.1004,4.2786,25.638,1.9558,7.4418,10.7385
2019-10-24,329.24,1.1128,0.86288,4.752,1.1019,4.277,25.598000000000003,1.9558,7.452000000000001,10.6963
2019-10-25,328.87,1.1107,0.86598,4.7553,1.1019,4.2777,25.568,1.9558,7.452999999999999,10.7445
2019-10-28,328.16,1.1087,0.8632799999999999,4.7559,1.1047,4.2715,25.48,1.9558,7.4543,10.7503
2019-10-29,328.78,1.1095,0.8632799999999999,4.7559,1.1041,4.2693,25.543000000000003,1.9558,7.4568,10.7923
2019-10-30,329.72,1.1106,0.862,4.7577,1.1032,4.2629,25.511999999999997,1.9558,7.4606,10.800999999999998
2019-10-31,328.7,1.1154,0.8613299999999999,4.756,1.1007,4.2581,25.509,1.9558,7.4579,10.7498
2019-11-01,328.33,1.1139,0.86008,4.7547,1.1013,4.2535,25.514,1.9558,7.46,10.6993
2019-11-04,328.78,1.1158,0.8636799999999999,4.7542,1.1021,4.2588,25.511,1.9558,7.4488,10.7035
2019-11-05,329.84,1.1109,0.86113,4.7583,1.1009,4.2643,25.535999999999998,1.9558,7.4486,10.6943
2019-11-06,331.68,1.109,0.8603299999999999,4.7627,1.101,4.2693,25.498,1.9558,7.4343,10.644
2019-11-07,332.73,1.1077,0.8644200000000001,4.7602,1.0998,4.2653,25.534000000000002,1.9558,7.4295,10.6253
2019-11-08,333.37,1.1034,0.8615799999999999,4.7638,1.0991,4.261,25.486,1.9558,7.4345,10.7025
2019-11-11,334.35,1.1041,0.8574299999999999,4.7643,1.0972,4.2737,25.51,1.9558,7.4391,10.7085
2019-11-12,334.39,1.1015,0.8582,4.7625,1.0963,4.2747,25.499000000000002,1.9558,7.4417,10.7003
2019-11-13,334.75,1.1006,0.8576,4.7633,1.0894,4.2874,25.590999999999998,1.9558,7.4415,10.7353
2019-11-14,333.87,1.0997,0.8564299999999999,4.7673,1.0873,4.2926,25.56,1.9558,7.4383,10.694
2019-11-15,334.8,1.1034,0.8566,4.7686,1.0924,4.2785,25.583000000000002,1.9558,7.438,10.6518
2019-11-18,335.27,1.1061,0.8533,4.7744,1.0959999999999999,4.2915,25.593000000000004,1.9558,7.44,10.6603
2019-11-19,334.93,1.1077,0.8557299999999999,4.7763,1.0979,4.2877,25.565,1.9558,7.4429,10.6475
2019-11-20,333.41,1.1059,0.85715,4.7803,1.0977,4.2932,25.541,1.9558,7.4395,10.6935
2019-11-21,333.75,1.1091,0.8554799999999999,4.7813,1.0998,4.297,25.52,1.9558,7.4395,10.6568
2019-11-22,334.29,1.1058,0.8598,4.7741,1.0994,4.2977,25.513,1.9558,7.4365,10.6265
2019-11-25,335.23,1.1008,0.85515,4.7723,1.0986,4.2965,25.485,1.9558,7.4365,10.6158
2019-11-26,336.16,1.102,0.85715,4.7766,1.0993,4.3015,25.505,1.9558,7.4355,10.5808
2019-11-27,335.95,1.1009,0.8545,4.7841,1.0986,4.3109,25.515,1.9558,7.439,10.558
2019-11-28,336.25,1.1005,0.8518,4.785,1.0991,4.3212,25.574,1.9558,7.437,10.5463
2019-11-29,333.82,1.0982,0.85225,4.7823,1.0998,4.3185,25.515,1.9558,7.4385,10.4995
2019-12-02,332.98,1.1023,0.8521799999999999,4.7794,1.0995,4.3001,25.534000000000002,1.9558,7.438,10.5385
2019-12-03,331.75,1.1071,0.852,4.7777,1.0947,4.2845,25.526999999999997,1.9558,7.44,10.5653
2019-12-04,331.01,1.1081,0.8461,4.7754,1.0956,4.2792,25.52,1.9558,7.4385,10.5523
2019-12-05,330.85,1.1094,0.8447,4.7785,1.0964,4.2753,25.526,1.9558,7.439,10.5418
2019-12-06,330.19,1.1094,0.8445299999999999,4.78,1.0968,4.2772,25.533,1.9558,7.439,10.5183
2019-12-09,331.58,1.1075,0.84195,4.7789,1.0959,4.2837,25.528000000000002,1.9558,7.4388,10.5435
2019-12-10,330.85,1.1077,0.84073,4.7773,1.0922,4.2903,25.526999999999997,1.9558,7.4398,10.5565
2019-12-11,330.74,1.1075,0.84245,4.7793,1.0916,4.2869,25.522,1.9558,7.4385,10.4595
2019-12-12,329.4,1.1137,0.8456,4.7791,1.0939,4.2836,25.519000000000002,1.9558,7.439,10.4495
2019-12-13,328.85,1.1174,0.8350799999999999,4.7795,1.0982,4.2726,25.508000000000003,1.9558,7.4398,10.449000000000002
2019-12-16,329.01,1.1146,0.83415,4.7791,1.0953,4.2657,25.483,1.9558,7.4401,10.4213
2019-12-17,329.71,1.1162,0.8474799999999999,4.7771,1.0946,4.2595,25.445,1.9558,7.4465,10.4718
2019-12-18,330.77,1.1115,0.85055,4.776,1.0913,4.2706,25.49,1.9558,7.4486,10.4483
2019-12-19,330.52,1.1117,0.8507299999999999,4.771,1.0899,4.2617,25.473000000000003,1.9558,7.4398,10.478
2019-12-20,330.5,1.1097,0.8513299999999999,4.7705,1.0883,4.2593,25.445,1.9558,7.439,10.434000000000001
2019-12-23,331.24,1.1075,0.85708,4.7733,1.087,4.2609,25.499000000000002,1.9558,7.446000000000001,10.4473
2019-12-24,331.76,1.1079999999999999,0.8553299999999999,4.779,1.0878,4.2598,25.485,1.9558,7.4455,10.4553
2019-12-27,330.83,1.1153,0.8513,4.7818,1.089,4.2671,25.509,1.9558,7.4475,10.4363
2019-12-30,331.04,1.1189,0.85208,4.7821,1.0871,4.2567,25.463,1.9558,7.4485,10.44
2019-12-31,330.53,1.1234,0.8508,4.783,1.0854,4.2568,25.408,1.9558,7.4395,10.4468
2020-01-02,329.98,1.1193,0.8482799999999999,4.7828,1.0865,4.2544,25.410999999999998,1.9558,7.4445,10.4728
2020-01-03,330.53,1.1147,0.85115,4.7784,1.084,4.2493,25.36,1.9558,7.4463,10.4858
2020-01-06,329.66,1.1194,0.85215,4.7743,1.085,4.2415,25.301,1.9558,7.445,10.5308
2020-01-07,331.28,1.1172,0.85183,4.7778,1.085,4.2457,25.276,1.9558,7.4478,10.5423
2020-01-08,331.08,1.1115,0.8486799999999999,4.7774,1.0792,4.2429,25.265,1.9558,7.449,10.5108
2020-01-09,332.51,1.111,0.85285,4.7785,1.0808,4.2422,25.253,1.9558,7.446000000000001,10.533
2020-01-10,333.85,1.1091,0.8481,4.7796,1.0822,4.2462,25.265,1.9558,7.4445,10.550999999999998
2020-01-13,334.29,1.1126,0.8576,4.7784,1.0811,4.2348,25.23,1.9558,7.4445,10.5598
2020-01-14,332.77,1.1115,0.8561799999999999,4.7795,1.0767,4.2219,25.155,1.9558,7.445,10.5248
2020-01-15,332.94,1.1142,0.85683,4.7803,1.0751,4.2265,25.144000000000002,1.9558,7.4443,10.559000000000001
2020-01-16,333.84,1.1169,0.8547,4.779,1.0739,4.2324,25.17,1.9558,7.4418,10.5678
2020-01-17,335.59,1.1108,0.85105,4.7803,1.0736,4.2367,25.147,1.9558,7.4378,10.545
2020-01-20,336.39,1.1085,0.85275,4.7794,1.0737,4.2433,25.125,1.9558,7.4358,10.5548
2020-01-21,335.32,1.1115,0.8503,4.7785,1.0743,4.2438,25.066,1.9558,7.4375,10.5523
2020-01-22,335.61,1.1088,0.84445,4.7784,1.0757,4.2378,25.136,1.9558,7.4375,10.5528
2020-01-23,337.19,1.1091,0.84498,4.7788,1.0734,4.2439,25.159000000000002,1.9558,7.4438,10.5473
2020-01-24,336.01,1.1035,0.8431299999999999,4.7799,1.0712,4.2565,25.16,1.9558,7.4415,10.5363
2020-01-27,337.53,1.1025,0.8435799999999999,4.7808,1.0689,4.2715,25.230999999999998,1.9558,7.4415,10.5795
2020-01-28,337.18,1.1005,0.84603,4.7784,1.0703,4.2731,25.221,1.9558,7.441,10.5993
2020-01-29,337.39,1.1001,0.8458,4.777,1.0729,4.2837,25.208000000000002,1.9558,7.442,10.5753
2020-01-30,338.36,1.1029,0.84183,4.777,1.069,4.2873,25.25,1.9558,7.4423,10.6398
2020-01-31,337.05,1.1052,0.84175,4.7789,1.0694,4.3009,25.21,1.9558,7.444,10.6768
2020-02-03,337.7,1.1066,0.84775,4.7788,1.0672,4.2968,25.177,1.9558,7.4465,10.6808
2020-02-04,336.32,1.1048,0.8488,4.7763,1.0702,4.2753,25.143,1.9558,7.4518,10.6278
2020-02-05,335.76,1.1023,0.84444,4.7734,1.0717,4.2491,25.055,1.9558,7.4568,10.545
2020-02-06,336.76,1.1003,0.84835,4.7655,1.0715,4.2451,24.893,1.9558,7.4563,10.555
2020-02-07,338.15,1.0969,0.8472,4.7613,1.0705,4.2653,25.03,1.9558,7.455,10.5455
2020-02-10,337.37,1.0951,0.8462799999999999,4.7663,1.07,4.2656,25.026,1.9558,7.455,10.5728
2020-02-11,337.93,1.0901,0.84325,4.7693,1.0667,4.2569,24.965,1.9558,7.459,10.5373
2020-02-12,339.49,1.0914,0.8405799999999999,4.7663,1.0645,4.2554,24.878,1.9558,7.4575,10.4965
2020-02-13,337.12,1.0867,0.83375,4.7645,1.0633,4.2513,24.835,1.9558,7.4513,10.4823
2020-02-14,335.67,1.0842,0.8320799999999999,4.7684,1.0641,4.249,24.828000000000003,1.9558,7.449,10.5085
2020-02-17,334.64,1.0835,0.8323799999999999,4.7768,1.0641,4.262,24.793000000000003,1.9558,7.4465,10.5323
2020-02-18,334.83,1.0816,0.82985,4.7823,1.0619,4.2746,24.898000000000003,1.9558,7.444,10.5498
2020-02-19,336.33,1.08,0.8314799999999999,4.7792,1.0621,4.2712,24.962,1.9558,7.4453,10.5743
2020-02-20,338.0,1.079,0.8384,4.7979,1.0616,4.2825,25.037,1.9558,7.4495,10.5985
2020-02-21,337.1,1.0801,0.8351,4.803999999999999,1.061,4.2835,25.061,1.9558,7.449,10.569
2020-02-24,337.61,1.0818,0.8383299999999999,4.8063,1.06,4.2989,25.186,1.9558,7.465,10.5833
2020-02-25,337.41,1.084,0.8363,4.8098,1.0605,4.3012,25.226,1.9558,7.4567,10.5688
2020-02-26,339.28,1.0875,0.8415,4.805,1.0606,4.3094,25.344,1.9558,7.4605,10.5813
2020-02-27,338.37,1.0964,0.84995,4.81,1.0627,4.3124,25.283,1.9558,7.4625,10.5753
2020-02-28,337.57,1.0977,0.85315,4.813,1.0614,4.3259,25.39,1.9558,7.4695,10.6738
2020-03-02,336.92,1.1122,0.87113,4.8106,1.0655,4.3276,25.525,1.9558,7.4835,10.6063
2020-03-03,336.68,1.1117,0.8701,4.8087,1.0646,4.3166,25.475,1.9558,7.4853,10.559000000000001
2020-03-04,334.96,1.1125,0.8685,4.8073,1.0647,4.2968,25.34,1.9558,7.4848,10.5555
2020-03-05,335.7,1.1187,0.8667,4.811,1.0663,4.3029,25.346,1.9558,7.4905,10.5915
2020-03-06,335.48,1.1336,0.87165,4.811,1.0589,4.3042,25.458000000000002,1.9558,7.5035,10.6145
2020-03-09,336.25,1.1456,0.8738299999999999,4.8175,1.0594,4.3132,25.504,1.9558,7.55,10.7203
2020-03-10,336.2,1.139,0.87385,4.8178,1.0594,4.3260000000000005,25.725,1.9558,7.5425,10.8015
2020-03-11,335.46,1.1336,0.8769,4.8213,1.0591,4.3180000000000005,25.77,1.9558,7.5745,10.7238
2020-03-12,338.37,1.124,0.88623,4.8213,1.0549,4.3599,26.203000000000003,1.9558,7.6,10.8945
2020-03-13,338.88,1.1104,0.8907,4.8213,1.0608,4.357,26.041999999999998,1.9558,7.563,10.8453
2020-03-16,344.97,1.1157,0.9091799999999999,4.8343,1.0546,4.407,26.96,1.9558,7.5785,10.8998
2020-03-17,347.04,1.0982,0.90823,4.8418,1.0561,4.4628,26.985,1.9558,7.5823,10.9593
2020-03-18,351.38,1.0934,0.9219,4.845,1.0546,4.501,27.154,1.9558,7.5935,11.0223
2020-03-19,356.06,1.0801,0.92985,4.8445,1.0535,4.5604,27.605999999999998,1.9558,7.608,11.1523
2020-03-20,350.91,1.0707,0.91028,4.8505,1.0546,4.5315,27.191,1.9558,7.6098,11.0598
2020-03-23,352.33,1.0783,0.9297,4.8481,1.0590000000000002,4.6056,27.635,1.9558,7.606,11.0715
2020-03-24,353.07,1.0843,0.9209999999999999,4.8357,1.0572,4.6146,27.808000000000003,1.9558,7.6118,11.0888
2020-03-25,354.97,1.0827,0.9150299999999999,4.8446,1.0602,4.5817,27.445999999999998,1.9558,7.6083,10.9638
2020-03-26,354.99,1.0981,0.91348,4.8335,1.0634,4.5748,27.55,1.9558,7.6115,11.007
2020-03-27,355.65,1.0977,0.89743,4.8375,1.0581,4.5306,27.299,1.9558,7.614,11.0158
2020-03-30,358.72,1.1034,0.889,4.8278,1.0571,4.5509,27.315,1.9558,7.6265,11.0375
2020-03-31,360.02,1.0956,0.8864299999999999,4.8283,1.0585,4.5506,27.311999999999998,1.9558,7.6255,11.0613
2020-04-01,369.36,1.0936,0.8846,4.834,1.0564,4.5815,27.369,1.9558,7.6285,10.9368
2020-04-02,363.73,1.0906,0.8773799999999999,4.832,1.0551,4.5697,27.553,1.9558,7.6305,10.9265
2020-04-03,365.15,1.0785,0.8785,4.8307,1.0547,4.5765,27.539,1.9558,7.63,10.952
2020-04-06,365.24,1.0791,0.878,4.8335,1.056,4.5643,27.603,1.9558,7.6255,10.9788
2020-04-07,357.62,1.0885,0.8809299999999999,4.8315,1.0582,4.5356,27.215,1.9558,7.632000000000001,10.8788
2020-04-08,359.34,1.0871,0.8794799999999999,4.8365,1.0557,4.5442,27.183000000000003,1.9558,7.6235,10.9385
2020-04-09,354.76,1.0867,0.87565,4.833,1.0558,4.5586,26.909000000000002,1.9558,7.6175,10.9455
2020-04-14,350.7,1.0963,0.8725299999999999,4.8343,1.0543,4.5473,26.864,1.9558,7.6129999999999995,10.9158
2020-04-15,350.3,1.0903,0.87385,4.8378,1.0534,4.5381,26.991,1.9558,7.61,10.9323
2020-04-16,349.56,1.0888,0.8716299999999999,4.8373,1.0516,4.5288,27.053,1.9558,7.601,10.8895
2020-04-17,351.81,1.0859999999999999,0.8697799999999999,4.8356,1.0515,4.5185,27.163,1.9558,7.5715,10.8548
2020-04-20,354.57,1.0859999999999999,0.8734299999999999,4.8377,1.0518,4.5272,27.328000000000003,1.9558,7.5503,10.8623
2020-04-21,355.02,1.0837,0.8812,4.8373,1.0517,4.5291,27.447,1.9558,7.57,10.9543
2020-04-22,355.11,1.0867,0.8792,4.8391,1.0523,4.5349,27.534000000000002,1.9558,7.57,10.9423
2020-04-23,357.51,1.0772,0.872,4.8425,1.0511,4.5379,27.551,1.9558,7.575,10.8883
2020-04-24,355.19,1.08,0.87498,4.8419,1.0525,4.5284,27.31,1.9558,7.5523,10.8723
2020-04-27,354.57,1.0852,0.8726299999999999,4.837,1.0557,4.5287,27.184,1.9558,7.5525,10.8748
2020-04-28,355.94,1.0877,0.8707799999999999,4.8445,1.0586,4.5468,27.226999999999997,1.9558,7.56,10.748
2020-04-29,355.55,1.0842,0.8737799999999999,4.8435,1.0571,4.5442,27.125,1.9558,7.564,10.7338
2020-04-30,352.72,1.0876,0.86905,4.8431,1.0558,4.5336,27.096999999999998,1.9558,7.579,10.6639
2020-05-04,353.27,1.0942,0.8789799999999999,4.8368,1.0548,4.5668,27.119,1.9558,7.582000000000001,10.8113
2020-05-05,350.27,1.0843,0.8706,4.8260000000000005,1.0525,4.5316,26.978,1.9558,7.5735,10.698
2020-05-06,349.59,1.0807,0.8725299999999999,4.8233,1.053,4.5394,26.987,1.9558,7.569,10.6278
2020-05-07,349.36,1.0783,0.8747799999999999,4.8235,1.053,4.5467,27.158,1.9558,7.5665,10.62
2020-05-08,349.38,1.0843,0.87535,4.828,1.0529,4.5482,27.250999999999998,1.9558,7.5573,10.5875
2020-05-11,349.84,1.0824,0.87875,4.8303,1.0519,4.5591,27.6,1.9558,7.565,10.5998
2020-05-12,350.75,1.0858,0.8777299999999999,4.8301,1.052,4.5449,27.423000000000002,1.9558,7.5653,10.5968
2020-05-13,353.58,1.0875,0.88245,4.8353,1.0528,4.5636,27.408,1.9558,7.5705,10.5843
2020-05-14,354.66,1.0792,0.88495,4.8375,1.0512,4.5666,27.570999999999998,1.9558,7.5729999999999995,10.6418
2020-05-15,354.7,1.0798,0.88738,4.84,1.0513,4.565,27.589000000000002,1.9558,7.5693,10.6695
2020-05-18,353.39,1.0832,0.8915299999999999,4.8388,1.0521,4.5596,27.61,1.9558,7.558,10.6103
2020-05-19,350.35,1.095,0.89535,4.8428,1.0633,4.551,27.49,1.9558,7.5713,10.5685
2020-05-20,350.61,1.0958,0.8935799999999999,4.842,1.0584,4.5441,27.43,1.9558,7.577000000000001,10.5568
2020-05-21,348.59,1.1,0.89943,4.8423,1.0628,4.5298,27.212,1.9558,7.5805,10.53
2020-05-22,349.4,1.0904,0.8956299999999999,4.8435,1.0591,4.5209,27.21,1.9558,7.5845,10.5373
2020-05-25,350.72,1.091,0.89515,4.842,1.0597,4.5031,27.275,1.9558,7.5845,10.549000000000001
2020-05-26,349.6,1.0975,0.8887799999999999,4.843999999999999,1.06,4.4506,27.073,1.9558,7.584,10.5563
2020-05-27,348.7,1.0991,0.89595,4.8433,1.0675,4.4372,27.051,1.9558,7.5893,10.5608
2020-05-28,349.74,1.1016,0.89728,4.8435,1.0683,4.4242,27.017,1.9558,7.59,10.548
2020-05-29,348.73,1.1136,0.9008799999999999,4.8493,1.072,4.4495,26.921,1.9558,7.587000000000001,10.487
2020-06-01,345.45,1.1116,0.8967299999999999,4.8437,1.0686,4.4278,26.859,1.9558,7.5895,10.4635
2020-06-02,345.67,1.1174,0.8908299999999999,4.8423,1.0741,4.3993,26.645,1.9558,7.5848,10.452
2020-06-03,345.89,1.1194,0.89065,4.8393,1.0793,4.4135,26.66,1.9558,7.572,10.4588
2020-06-04,344.9,1.125,0.89685,4.8373,1.0786,4.4372,26.623,1.9558,7.5725,10.4172
2020-06-05,344.62,1.133,0.8944799999999999,4.8382,1.0866,4.4425,26.589000000000002,1.9558,7.5715,10.425
2020-06-08,344.16,1.1285,0.8917299999999999,4.8359,1.0861,4.4333,26.585,1.9558,7.565,10.3978
2020-06-09,345.0,1.1294,0.8912,4.8365,1.077,4.4464,26.634,1.9558,7.5719,10.4188
2020-06-10,343.13,1.1375,0.8896299999999999,4.8349,1.0762,4.4524,26.609,1.9558,7.569,10.4605
2020-06-11,344.85,1.1348,0.89665,4.8345,1.0697,4.4729,26.679000000000002,1.9558,7.5675,10.5018
2020-06-12,346.0,1.1304,0.8965299999999999,4.8343,1.0697,4.4484,26.698,1.9558,7.566,10.5103
2020-06-15,347.06,1.1253,0.8964799999999999,4.8335,1.0679,4.4352,26.683000000000003,1.9558,7.557,10.5393
2020-06-16,345.5,1.1308,0.8937,4.8359,1.0717,4.4272,26.564,1.9558,7.5475,10.5136
2020-06-17,344.5,1.1232,0.8944799999999999,4.8355,1.0669,4.4467,26.561,1.9558,7.546,10.5123
2020-06-18,345.94,1.1222,0.90028,4.8393,1.0667,4.4647,26.689,1.9558,7.5463,10.5525
2020-06-19,345.44,1.121,0.90505,4.8428,1.0656,4.4516,26.683000000000003,1.9558,7.5665,10.567
2020-06-22,346.6,1.1213,0.90328,4.8422,1.0654,4.4493,26.680999999999997,1.9558,7.5926,10.5525
2020-06-23,350.43,1.1318,0.9063,4.8438,1.0705,4.4371,26.612,1.9558,7.577000000000001,10.5175
2020-06-24,351.58,1.128,0.90343,4.8433,1.0679,4.448,26.733,1.9558,7.5745,10.5145
2020-06-25,354.35,1.12,0.90133,4.842,1.0637,4.4653,26.796,1.9558,7.567,10.4865
2020-06-26,355.15,1.1213,0.90575,4.8426,1.0631,4.4684,26.808000000000003,1.9558,7.5575,10.4773
2020-06-29,356.3,1.1284,0.9154,4.843999999999999,1.0669,4.4664,26.848000000000003,1.9558,7.569,10.478
2020-06-30,356.58,1.1198,0.91243,4.8397,1.0651,4.456,26.74,1.9558,7.5708,10.4948
2020-07-01,354.5,1.12,0.9043,4.8366,1.062,4.4583,26.67,1.9558,7.5645,10.4965
2020-07-02,351.59,1.1286,0.90225,4.8355,1.0648,4.474,26.631999999999998,1.9558,7.5605,10.4635
2020-07-03,352.55,1.1224,0.9012,4.837,1.0623,4.4687,26.665,1.9558,7.557,10.4715
2020-07-06,352.83,1.1325,0.90505,4.8375,1.0642,4.4689,26.705,1.9558,7.561,10.4848
2020-07-07,353.62,1.129,0.9015,4.8393,1.0643,4.4683,26.680999999999997,1.9558,7.5489999999999995,10.4555
2020-07-08,355.49,1.1286,0.89923,4.8408,1.0624,4.4765,26.748,1.9558,7.5385,10.431
2020-07-09,354.25,1.1342,0.89655,4.8408,1.0634,4.4655,26.622,1.9558,7.5365,10.397
2020-07-10,353.7,1.1276,0.8957,4.8428,1.0625,4.4743,26.691,1.9558,7.5345,10.398
2020-07-13,353.83,1.1329,0.89938,4.8443,1.0685,4.4758,26.648000000000003,1.9558,7.534,10.3833
2020-07-14,355.48,1.1375,0.9077799999999999,4.8435,1.0691,4.4781,26.638,1.9558,7.5295,10.3855
2020-07-15,353.25,1.1444,0.9054,4.8439,1.0783,4.4688,26.587,1.9558,7.5308,10.3468
2020-07-16,354.08,1.1414,0.90875,4.8433,1.0787,4.4928,26.693,1.9558,7.5356,10.35
2020-07-17,353.72,1.1428,0.9107799999999999,4.8422,1.0753,4.4827,26.682,1.9558,7.537999999999999,10.333
2020-07-20,352.56,1.1448,0.90575,4.8418,1.0736,4.4592,26.598000000000003,1.9558,7.534,10.300999999999998
2020-07-21,350.64,1.1443,0.90055,4.8392,1.074,4.4362,26.429000000000002,1.9558,7.53,10.238999999999999
2020-07-22,349.27,1.1578,0.9112299999999999,4.8413,1.0785,4.4288,26.365,1.9558,7.522,10.2415
2020-07-23,347.31,1.1569,0.91195,4.8355,1.0731,4.4141,26.342,1.9558,7.5215,10.264000000000001
2020-07-24,346.98,1.1608,0.90985,4.8325,1.073,4.4046,26.268,1.9558,7.517,10.269
2020-07-27,345.91,1.176,0.9134,4.8303,1.0838,4.4016,26.193,1.9558,7.5163,10.2678
2020-07-28,346.98,1.1717,0.9096799999999999,4.8355,1.0758,4.4054,26.250999999999998,1.9558,7.507000000000001,10.282
2020-07-29,347.67,1.1725,0.90385,4.8345,1.0766,4.4194,26.291,1.9558,7.494,10.287
2020-07-30,345.6,1.1743,0.9026799999999999,4.8318,1.0744,4.408,26.248,1.9558,7.4879999999999995,10.3068
2020-07-31,344.95,1.1848,0.9005299999999999,4.8315,1.0769,4.4034,26.175,1.9558,7.4815,10.2835
2020-08-03,345.72,1.1726,0.9001299999999999,4.8355,1.0784,4.4201,26.319000000000003,1.9558,7.4755,10.2958
2020-08-04,344.73,1.1765,0.90335,4.8358,1.0761,4.4055,26.221,1.9558,7.4683,10.3025
2020-08-05,344.5,1.1854,0.90265,4.8345,1.077,4.3935,26.096999999999998,1.9558,7.4683,10.2865
2020-08-06,346.23,1.1843,0.90033,4.836,1.0759,4.4073,26.201999999999998,1.9558,7.468,10.3165
2020-08-07,345.93,1.1817,0.9037299999999999,4.8374,1.0804,4.4081,26.279,1.9558,7.4595,10.3163
2020-08-10,345.19,1.1763,0.90155,4.836,1.079,4.4021,26.183000000000003,1.9558,7.4828,10.2805
2020-08-11,345.03,1.1783,0.89843,4.8355,1.0743,4.4018,26.155,1.9558,7.4795,10.2835
2020-08-12,345.15,1.1771,0.90475,4.8356,1.0755,4.4033,26.116999999999997,1.9558,7.4885,10.2513
2020-08-13,344.93,1.1833,0.9037299999999999,4.8348,1.0784,4.3968,26.125,1.9558,7.5125,10.2748
2020-08-14,346.11,1.1813,0.9017299999999999,4.836,1.0754,4.3984,26.118000000000002,1.9558,7.5356,10.2933
2020-08-17,348.53,1.1853,0.90625,4.8343,1.0765,4.3966,26.14,1.9558,7.53,10.3108
2020-08-18,349.85,1.1906,0.90375,4.8355,1.0773,4.387,26.134,1.9558,7.5296,10.32
2020-08-19,349.79,1.1933,0.90345,4.8403,1.0811,4.3942,26.118000000000002,1.9558,7.5328,10.314
2020-08-20,350.39,1.185,0.9017299999999999,4.8391,1.0786,4.3914,26.061,1.9558,7.5356,10.3555
2020-08-21,350.68,1.1769,0.89755,4.8405,1.0744,4.3979,26.083000000000002,1.9558,7.5243,10.363
2020-08-24,350.83,1.1847,0.90175,4.84,1.0761,4.3986,26.090999999999998,1.9558,7.5329999999999995,10.369000000000002
2020-08-25,353.46,1.1814,0.89945,4.8403,1.0752,4.3919,26.121,1.9558,7.529,10.3525
2020-08-26,354.74,1.1789,0.8969,4.8419,1.0738,4.4074,26.261999999999997,1.9558,7.5273,10.3348
2020-08-27,355.98,1.1806,0.89505,4.8415,1.075,4.3993,26.276,1.9558,7.5262,10.3138
2020-08-28,355.18,1.1915,0.8946799999999999,4.8395,1.0758,4.3921,26.2,1.9558,7.5275,10.2603
2020-08-31,354.54,1.194,0.89605,4.8398,1.0774,4.3971,26.208000000000002,1.9558,7.528,10.2888
2020-09-01,354.02,1.1987,0.88975,4.8398,1.0865,4.3925,26.226,1.9558,7.532,10.3605
2020-09-02,358.77,1.1861,0.8884,4.8423,1.0799,4.4186,26.338,1.9558,7.5335,10.3065
2020-09-03,358.05,1.1813,0.89135,4.8473,1.0776,4.4269,26.368000000000002,1.9558,7.5355,10.3393
2020-09-04,359.6,1.1842,0.89325,4.8528,1.0793,4.4514,26.435,1.9558,7.539,10.3688
2020-09-07,359.92,1.1824,0.89835,4.8555,1.0809,4.4504,26.468000000000004,1.9558,7.5360000000000005,10.369000000000002
2020-09-08,361.37,1.1785,0.90453,4.8595,1.082,4.4483,26.521,1.9558,7.5329999999999995,10.3735
2020-09-09,357.7,1.1773,0.9121299999999999,4.8588,1.0806,4.4498,26.519000000000002,1.9558,7.537000000000001,10.362
2020-09-10,357.85,1.1849,0.9159,4.8579,1.0766,4.4525,26.585,1.9558,7.537000000000001,10.3703
2020-09-11,357.13,1.1854,0.9240799999999999,4.8584,1.0777,4.4467,26.566,1.9558,7.539,10.3713
2020-09-14,357.65,1.1876,0.9219,4.8580000000000005,1.0768,4.4504,26.66,1.9558,7.5368,10.4178
2020-09-15,357.68,1.1892,0.92095,4.8578,1.0768,4.4461,26.826999999999998,1.9558,7.5375,10.404000000000002
2020-09-16,358.54,1.1869,0.9142299999999999,4.859,1.0753,4.4466,26.726,1.9558,7.5415,10.4118
2020-09-17,361.16,1.1797,0.9153,4.86,1.0742,4.4579,26.747,1.9558,7.5418,10.408
2020-09-18,360.78,1.1833,0.9131799999999999,4.8580000000000005,1.0776,4.4602,26.726999999999997,1.9558,7.5415,10.399000000000001
2020-09-21,363.08,1.1787,0.9160799999999999,4.86,1.0761,4.4837,26.98,1.9558,7.5413,10.4055
2020-09-22,362.05,1.1740000000000002,0.91743,4.8613,1.0748,4.4934,27.006999999999998,1.9558,7.5443,10.407
2020-09-23,365.01,1.1692,0.91885,4.8686,1.0773,4.5001,26.965,1.9558,7.5505,10.4388
2020-09-24,364.45,1.1645,0.91228,4.8755,1.0772,4.5293,27.015,1.9558,7.553,10.5793
2020-09-25,363.16,1.1634,0.91343,4.8753,1.0798,4.5557,27.107,1.9558,7.5489999999999995,10.6285
2020-09-28,364.12,1.167,0.9050799999999999,4.8743,1.0816,4.5502,27.133000000000003,1.9558,7.55,10.5863
2020-09-29,365.7,1.1702,0.9096299999999999,4.8721,1.0795,4.5435,27.148000000000003,1.9558,7.551,10.5343
2020-09-30,365.53,1.1708,0.91235,4.8725,1.0804,4.5462,27.233,1.9558,7.5565,10.5713
2020-10-01,359.89,1.1752,0.90723,4.874,1.0787,4.4935,26.918000000000003,1.9558,7.563,10.4853
2020-10-02,358.88,1.173,0.9067299999999999,4.8715,1.079,4.4944,27.02,1.9558,7.562,10.425
2020-10-05,358.17,1.1768,0.9081,4.874,1.0781,4.498,27.096,1.9558,7.568,10.4645
2020-10-06,359.72,1.1795,0.91058,4.876,1.0781,4.4872,27.035,1.9558,7.5688,10.5138
2020-10-07,359.25,1.177,0.9141299999999999,4.8748,1.0787,4.4862,27.064,1.9558,7.5685,10.482999999999999
2020-10-08,357.48,1.1765,0.91035,4.8758,1.0799,4.4843,27.092,1.9558,7.568,10.4468
2020-10-09,356.28,1.1795,0.9116700000000001,4.8715,1.0773,4.4702,27.11,1.9558,7.5765,10.42
2020-10-12,356.83,1.1799,0.9059799999999999,4.8727,1.0742,4.481,27.177,1.9558,7.5713,10.3933
2020-10-13,360.2,1.1787,0.90591,4.875,1.0734,4.4851,27.355999999999998,1.9558,7.5785,10.343
2020-10-14,363.49,1.175,0.90395,4.8738,1.0738,4.5073,27.313000000000002,1.9558,7.5785,10.3653
2020-10-15,364.58,1.1698,0.90535,4.8765,1.0697,4.5518,27.34,1.9558,7.5818,10.378
2020-10-16,364.36,1.1741,0.90915,4.8763,1.0721,4.5558,27.279,1.9558,7.582000000000001,10.3593
2020-10-19,365.05,1.1785,0.9058799999999999,4.8768,1.0724,4.5723,27.346,1.9558,7.5825,10.3578
2020-10-20,365.68,1.181,0.9132899999999999,4.8761,1.0724,4.5809,27.233,1.9558,7.5826,10.3805
2020-10-21,364.01,1.1852,0.90754,4.8758,1.0715,4.574,27.185,1.9558,7.5755,10.3645
2020-10-22,364.6,1.1821,0.9027299999999999,4.874,1.0726,4.5783,27.23,1.9558,7.5788,10.374
2020-10-23,364.17,1.1856,0.90675,4.874,1.0715,4.5823,27.221999999999998,1.9558,7.5778,10.3618
2020-10-26,365.02,1.1819,0.90755,4.8748,1.0719,4.5799,27.295,1.9558,7.577999999999999,10.3475
2020-10-27,365.41,1.1832,0.9071799999999999,4.8765,1.0732,4.5842,27.337,1.9558,7.5745,10.306
2020-10-28,367.11,1.1727,0.9066200000000001,4.8768,1.0693,4.6202,27.421999999999997,1.9558,7.5778,10.370999999999999
2020-10-29,368.0,1.1704,0.9043,4.8751,1.0684,4.6225,27.368000000000002,1.9558,7.5729999999999995,10.4225
2020-10-30,367.45,1.1698,0.9020799999999999,4.8725,1.0698,4.6222,27.250999999999998,1.9558,7.5748,10.365
2020-11-02,366.24,1.1652,0.9005299999999999,4.8674,1.0695,4.6018,27.131,1.9558,7.5695,10.3625
2020-11-03,363.82,1.1702,0.9004200000000001,4.8675,1.0709,4.5680000000000005,26.913,1.9558,7.5595,10.3835
2020-11-04,362.42,1.1721,0.89954,4.8675,1.0675,4.5368,26.781,1.9558,7.553,10.352
2020-11-05,357.83,1.1855,0.9045,4.8648,1.0724,4.5134,26.766,1.9558,7.5518,10.277000000000001
2020-11-06,359.02,1.187,0.9043,4.867,1.0682,4.5263,26.666999999999998,1.9558,7.559,10.2805
2020-11-09,356.98,1.1883,0.9022399999999999,4.8655,1.0778,4.467,26.475,1.9558,7.564,10.197000000000001
2020-11-10,357.36,1.1808,0.8918299999999999,4.8667,1.0817,4.499,26.430999999999997,1.9558,7.5625,10.2
2020-11-11,356.02,1.1766,0.88935,4.8672,1.0793,4.4873,26.447,1.9558,7.5635,10.1748
2020-11-12,355.2,1.1791,0.89765,4.8683,1.0805,4.4886,26.465,1.9558,7.5715,10.1825
2020-11-13,355.71,1.1815,0.8968299999999999,4.8698,1.0805,4.4888,26.461,1.9558,7.572,10.2537
2020-11-16,358.16,1.183,0.8981899999999999,4.8728,1.0819,4.4692,26.353,1.9558,7.567,10.2538
2020-11-17,361.5,1.1882,0.89585,4.872,1.0816,4.4964,26.508000000000003,1.9558,7.5668,10.2375
2020-11-18,360.25,1.1868,0.8937299999999999,4.873,1.0812,4.4694,26.401,1.9558,7.567,10.2135
2020-11-19,360.9,1.1832,0.8937799999999999,4.8732,1.0797,4.4714,26.358,1.9558,7.5655,10.206
2020-11-20,359.5,1.1863,0.8939299999999999,4.8735,1.0811,4.4639,26.34,1.9558,7.5665,10.2168
2020-11-23,360.21,1.1901,0.8888799999999999,4.874,1.0806,4.4735,26.311,1.9558,7.5615,10.2145
2020-11-24,361.35,1.1865,0.89012,4.8728,1.0833,4.4666,26.258000000000003,1.9558,7.561,10.204
2020-11-25,361.13,1.189,0.8912899999999999,4.8735,1.0835,4.4679,26.175,1.9558,7.5595,10.1358
2020-11-26,361.18,1.19,0.8912899999999999,4.8743,1.0813,4.4749,26.138,1.9558,7.5552,10.1568
2020-11-27,362.32,1.1922,0.8944200000000001,4.8736,1.0826,4.4907,26.213,1.9558,7.5577,10.1723
2020-11-30,359.59,1.198,0.89845,4.8732,1.0839,4.471,26.191999999999997,1.9558,7.5538,10.1778
2020-12-01,357.2,1.1968,0.8979799999999999,4.871,1.0836,4.4788,26.235,1.9558,7.5515,10.2135
2020-12-02,357.4,1.2066,0.9049,4.8714,1.0819,4.4783,26.410999999999998,1.9558,7.5520000000000005,10.2813
2020-12-03,357.63,1.2151,0.9035799999999999,4.873,1.0831,4.4733,26.42,1.9558,7.547000000000001,10.3025
2020-12-04,358.57,1.2159,0.9028200000000001,4.8725,1.0822,4.4769,26.518,1.9558,7.5415,10.2578
2020-12-07,359.49,1.2128,0.91215,4.8735,1.0802,4.467,26.482,1.9558,7.54,10.2018
2020-12-08,360.1,1.2114,0.91143,4.8728,1.0781,4.4663,26.398000000000003,1.9558,7.5403,10.2358
2020-12-09,356.64,1.2109,0.9,4.8685,1.0764,4.4246,26.239,1.9558,7.5489999999999995,10.2745
